t[s],z[m],T[K],density[kg/m3],area[m2],mean_MW[kg/mol],gas_mdot[kg/s],velocity[m/s],gas_h[J/s],total_h,N_agg[mol/kg],N_pri[mol/kg],C_tot[mol/kg],H_tot[mol/kg],A_tot[m2/kg],N_agg[#/cm3],N_pri[#/cm3],d_p[nm],d_m[nm],d_g[nm],d_v[nm],n_p,total_carbon_mass_flow[kg/s],total_hydrogen_mass_flow[kg/s],soot_carbon_mass_flow[kg/s],soot_h[J/s],soot_mass[kg/kg],volume_fraction[-],SSA[m2/g],carbon_yield[-],inception_mass[mol/kg-s],coagulation_mass[mol/kg-s],PAH_adsorption_mass[mol/kg-s],surface_growth_mass[mol/kg-s],C_tot_inception[mol/kg-s],C_tot_PAH[mol/kg-s],C_tot_growth[mol/kg-s]
0.0,0.0,2200.0,0.20810589220593043,9.503317777109122e-05,0.037559300000000004,0.0001,5.056387762037616,112.7580584316969,112.7580584316969,1.6605390671738466e-24,1.6605390671738466e-24,6.27683767391714e-22,3.3210781343476935e-23,1.2565578781239173e-17,2.0810589358820226e-07,2.0810589358820226e-07,1.9999369869583437,1.9999369869583437,1.550338749580111,1.9999369869583437,1.0,3.1978764247469996e-06,1.0735024348164103e-06,7.5391097301418785e-28,2.557719378358698e-21,7.572586197736103e-24,8.754998927701035e-28,1659.3510398066876,2.357536292459561e-22,0.0,-5.651210943944228e-40,0.0,0.0,0.0,0.0,0.0
2.4171845248522184e-12,1.2222222222220001e-11,2199.9999920768205,0.20810589285257836,9.503317777109122e-05,0.03755929998144034,0.0001,5.056387746325891,112.75805843169694,112.75805843169694,1.6605390671738466e-24,1.6605390671738466e-24,6.27683767391714e-22,3.3210781343476935e-23,1.2565578781239173e-17,2.081058942348502e-07,2.081058942348502e-07,1.9999369869583437,1.9999369869583437,1.550338749580111,1.9999369869583437,1.0,3.1978764247470013e-06,1.0735024348164107e-06,7.5391097301418785e-28,2.557719365604878e-21,7.572586197736103e-24,8.754998954905462e-28,1659.3510398066876,2.357536292459561e-22,3.942954148660029e-147,-5.6512109512977355e-40,3.756539103504481e-90,2.312538317508318e-52,1.490436668193491e-144,3.756539103504481e-90,2.312538317508318e-52
1.7534495856817004e-08,8.86602113381724e-08,2199.9425501546857,0.20811058094367463,9.503317777109122e-05,0.03755916540188211,0.0001,5.056273841466919,112.75805843169685,112.75805843169685,1.6605390671738466e-24,1.6605390671738466e-24,6.27683767391714e-22,3.3210781343476935e-23,1.2565578781239173e-17,2.0811058232597758e-07,2.0811058232597758e-07,1.9999369869583437,1.9999369869583437,1.550338749580111,1.9999369869583437,1.0,3.1978764247470004e-06,1.0735024348164107e-06,7.5391097301418785e-28,2.5576269024096517e-21,7.572586197736103e-24,8.755196182538402e-28,1659.3510398066876,2.357536292459561e-22,1.0921970764754894e-116,-5.651264260650789e-40,6.252431027456018e-75,2.1056607247947874e-34,4.12850494907735e-114,6.252431027456018e-75,2.1056607247947874e-34
1.3184856124518877e-07,6.666210766022771e-07,2199.5691331721473,0.20814105834613336,9.503317777109122e-05,0.03755828966611763,0.0001,5.0555334681161135,112.75805843169671,112.75805843169671,1.6605390671738466e-24,1.6605390671738466e-24,6.27683767391714e-22,3.3210781343476947e-23,1.2565578781239173e-17,2.0814105972863877e-07,2.0814105972863877e-07,1.9999369869583437,1.9999369869583437,1.550338749580111,1.9999369869583437,1.0,3.1978764247469996e-06,1.0735024348164103e-06,7.5391097301418785e-28,2.5570258284569453e-21,7.572586197736103e-24,8.756478364522858e-28,1659.3510398066876,2.357536292459561e-22,1.9332842810922675e-106,-5.651610739955525e-40,8.321183450275e-70,7.310402543711766e-30,7.307814582528771e-104,8.321183450275e-70,7.310402543711766e-30
2.8854976168227695e-07,1.458750066303125e-06,2199.0598829854475,0.2081826321448237,9.503317777109122e-05,0.037557094171914905,0.0001,5.054523884710859,112.75805843169661,112.75805843169661,1.6605390671738466e-24,1.6605390671738466e-24,6.2768376739173745e-22,3.321078134347988e-23,1.2565578781239491e-17,2.0818263352760525e-07,2.0818263352760525e-07,1.9999369869583687,1.9999369869583687,1.5503387495801308,1.9999369869583687,1.0,3.197876424746999e-06,1.0735024348164105e-06,7.539109730142159e-28,2.556206132939433e-21,7.572586197736387e-24,8.75822737104624e-28,1659.3510398066674,2.357536292459649e-22,1.2431324631267867e-102,-5.65208323257695e-40,6.675523325693295e-68,5.336745509103039e-28,4.699040710619254e-100,6.675523325693295e-68,5.336745509103039e-28
5.01911266445554e-07,2.5370449559514134e-06,2198.370616315158,0.20823892804357697,9.503317777109122e-05,0.037555475243083905,0.0001,5.0531574304770945,112.75805843169674,112.75805843169674,1.6605390671738466e-24,1.6605390671738466e-24,6.276837673925703e-22,3.3210781343583934e-23,1.2565578781250601e-17,2.0823892942673244e-07,2.0823892942673244e-07,1.9999369869592531,1.9999369869592531,1.5503387495808163,1.9999369869592531,1.0,3.197876424746999e-06,1.0735024348164103e-06,7.5391097301521625e-28,2.555096723934272e-21,7.572586197746495e-24,8.760595735201759e-28,1659.3510398059195,2.3575362924627773e-22,4.726600312309365e-100,-5.652722916258518e-40,1.3024392125154704e-66,1.0964658341729017e-26,1.78665491805294e-97,1.3024392125154704e-66,1.0964658341729017e-26
7.972801105215468e-07,4.029312536454221e-06,2197.423492055484,0.20831633493186405,9.503317777109122e-05,0.03755324937687801,0.0001,5.051279761148638,112.75805843169668,112.75805843169668,1.6605390671738466e-24,1.6605390671738466e-24,6.276837674077954e-22,3.3210781345487107e-23,1.25655787814538e-17,2.0831633631553367e-07,2.0831633631553367e-07,1.9999369869754238,1.9999369869754238,1.5503387495933516,1.9999369869754238,1.0,3.1978764247469996e-06,1.073502434816409e-06,7.539109730335032e-28,2.553572361669077e-21,7.572586197931282e-24,8.763852237270355e-28,1659.3510397922614,2.357536292519962e-22,3.821180671001255e-91,-5.653602265982264e-40,3.706246589267377e-62,1.2569968318980902e-25,1.4444062936384744e-88,3.706246589267377e-62,1.2569968318980902e-25
1.2609614641047422e-06,6.370819037528353e-06,2195.9518200505827,0.20843671625583257,9.503317777109122e-05,0.037549785627469745,0.0001,5.048362426063412,112.75805843169664,112.75805843169664,1.6605390671738466e-24,1.6605390671738466e-24,6.276837676558545e-22,3.321078137649448e-23,1.256557878476439e-17,2.0843671764030178e-07,2.0843671764030178e-07,1.9999369872388804,1.9999369872388804,1.5503387497975816,1.9999369872388804,1.0,3.1978764247470004e-06,1.0735024348164103e-06,7.5391097333144685e-28,2.551203946585846e-21,7.572586200941975e-24,8.768916673825418e-28,1659.3510395697208,2.357536293451654e-22,3.5294797118920614e-80,-5.654969124732831e-40,1.1278178703050062e-56,1.2509848543703136e-24,1.3341433310951992e-77,1.1278178703050062e-56,1.2509848543703136e-24
2.602223197847706e-06,1.3136428568799622e-05,2191.782470348687,0.20877823650579747,9.503317777109122e-05,0.03753989954161213,0.0001,5.0401042952039985,112.75805843169667,112.75805843169667,1.6605390671738466e-24,1.6605390671738466e-24,6.276837844043044e-22,3.321078347005068e-23,1.25655790082888e-17,2.087782378925351e-07,2.087782378925351e-07,1.999937005026948,1.999937005026948,1.5503387635867814,1.999937005026948,1.0,3.1978764247470013e-06,1.0735024348164103e-06,7.539109934480101e-28,2.544495363696876e-21,7.572586404217912e-24,8.78328464033552e-28,1659.3510245442435,2.3575363563576595e-22,2.099360435734772e-49,-5.658838951295369e-40,2.7604646333526987e-41,3.612874919274837e-23,7.935582447077437e-47,2.7604646333526987e-41,3.612874919274837e-23
5.50007396047938e-06,2.7716815566258252e-05,2183.054048523384,0.20949310211045147,9.503317777109122e-05,0.03751842925584204,0.0001,5.022905651581782,112.7580584316966,112.7580584316966,1.6605390671738466e-24,1.6605390671738466e-24,6.27684673367676e-22,3.3210894590472125e-23,1.2565590872369749e-17,2.0949310350193736e-07,2.0949310350193736e-07,1.9999379491700275,1.9999379491700275,1.5503394954806413,1.9999379491700275,1.0,3.197876424746999e-06,1.0735024348164094e-06,7.539120611819158e-28,2.5304605339485314e-21,7.572597193566353e-24,8.8133715395173e-28,1659.3502270324668,2.357539695241856e-22,3.33458645625569e-44,-5.666865144460493e-40,0.0,8.418224651863507e-22,1.2604736804646508e-41,0.0,8.418224651863507e-22
9.938244044570541e-06,4.995225843396979e-05,2169.786353655363,0.21057002992953205,9.503317777109122e-05,0.03748210426122366,0.0001,4.99721677823824,112.75805843169496,112.75805843169496,1.6605390671738466e-24,1.6605390671738466e-24,6.277008081676878e-22,3.321291144047362e-23,1.2565806205997997e-17,2.1057003132817108e-07,2.1057003132817108e-07,1.9999550853339474,1.9999550853339474,1.5503527793286414,1.9999550853339474,1.0,3.1978764247469996e-06,1.0735024348164099e-06,7.539314406902099e-28,2.5092017078191057e-21,7.572793021634097e-24,8.85890696230913e-28,1659.3357523571246,2.357600296421264e-22,6.088468700593893e-35,-5.678633956598965e-40,4.791086061882951e-34,8.224043408795244e-21,2.3014411688244917e-32,4.791086061882951e-34,8.224043408795244e-21
1.4773759291651642e-05,7.404793118646556e-05,2154.6168488056765,0.21177780498487758,9.503317777109122e-05,0.037433542335336085,0.0001,4.968717503862716,112.75805843169468,112.75805843169468,1.660539067843315e-24,1.660539067843315e-24,6.277915499452629e-22,3.3224254333485986e-23,1.256701720514089e-17,2.1177780647691988e-07,2.1177780647691988e-07,2.0000514530230804,2.0000514530230804,1.5504274829636282,2.0000514530230804,1.0,3.197876424746999e-06,1.0735024348164099e-06,7.540404306392554e-28,2.4852053836133427e-21,7.573894354760707e-24,8.911015120214324e-28,1659.254356676056,2.357941116185912e-22,1.9461982217594818e-27,-5.6912835875372815e-40,2.7446891909096414e-30,3.2750241267042246e-20,7.3566292782508415e-25,2.7446891909096414e-30,3.2750241267042246e-20
2.0147786514317764e-05,0.00010066100274985728,2136.2049208800954,0.21321454978173113,9.503317777109122e-05,0.03736544689662237,0.0001,4.935235834680111,112.75805843169546,112.75805843169546,1.6607970675905862e-24,1.6607970675905862e-24,6.28195011956859e-22,3.3340515390956254e-23,1.2573052010205629e-17,2.132476786588615e-07,2.132476786588615e-07,2.000376223288023,2.000376223288023,1.5506792428589324,2.000376223288023,1.0,3.1978764247469974e-06,1.07350243481641e-06,7.545250288613834e-28,2.457279956839797e-21,7.578857528127918e-24,8.977348309553765e-28,1658.9640276971065,2.359456491259126e-22,5.079914529968681e-22,-5.707522575628131e-40,1.4253185153013489e-27,8.569833282107502e-20,1.9202076923281615e-19,1.4253185153013489e-27,8.569833282107502e-20
2.6526698102855854e-05,0.0001320078136603837,2112.0405042923335,0.2150763494610411,9.503317777109122e-05,0.037265360876467084,0.0001,4.892514166224459,112.75805843169427,112.75805843169427,1.0240997329834499e-23,1.0240997329834499e-23,3.872970733924564e-21,2.628136704497549e-21,7.752035644949875e-17,1.3264345167860277e-06,1.3264345167860277e-06,2.0002596141944484,2.0002596141944484,1.5505888482127508,2.0002596141944484,1.0,3.1978764247469974e-06,1.0735024348164082e-06,4.651825148516794e-27,1.569020429389497e-20,4.916741328330147e-23,5.874859867452656e-27,1576.661273653513,1.4546606968669291e-21,1.1594006060166321e-17,-2.1766305097349505e-38,1.3560149554568012e-24,1.1187490282741107e-18,4.382534290742869e-15,1.3560149554568012e-24,1.1187490282741107e-18
3.3896952206302626e-05,0.00016787565026812553,2081.931683443519,0.21739525879755506,9.503317777109122e-05,0.03713017317337288,0.0001,4.840326750354228,112.75805843167697,112.75805843167697,3.412385476348365e-20,3.412385476348365e-20,1.290518076844309e-17,1.0318937855135298e-17,2.583058783461529e-13,0.004467443394377541,0.004467443394377541,2.0002658244069327,2.0002658244069327,1.5505936623309555,2.0002658244069327,1.0,3.1978764247469958e-06,1.0735024348164084e-06,1.5500412620976997e-23,5.1732713468196115e-17,1.6540561556774635e-19,1.9976887001621734e-23,1561.6512018623498,4.847095560361847e-18,3.18350133490783e-14,-2.4251996609390704e-31,2.4316156738592107e-19,6.628550041546606e-15,1.2033635045951596e-11,2.4316156738592107e-19,6.628550041546606e-15
4.119258848549949e-05,0.00020299946483206738,2051.8028439266914,0.21973935793391244,9.503317777109122e-05,0.036987409084714866,0.0001,4.788691914147027,112.75805843165999,112.75805843166,1.1205828916568039e-17,1.1205828916560976e-17,4.239997552406357e-15,3.3888488680275646e-15,8.485236139488549e-11,1.4828688564311445,1.48286885643021,2.0005968706417776,2.0005968706417776,1.5508502873192072,2.000596870641357,0.9999999999993697,3.197876424746994e-06,1.0735024348164082e-06,5.092661060195276e-21,1.6651501667701322e-14,5.4342570260924544e-17,6.634000832007824e-21,1561.434451618113,1.5925134007009614e-15,7.55000932423493e-12,-2.6244490422935705e-26,1.2638047142671315e-15,3.1744119035349114e-12,2.8539035245608036e-09,1.2638047142671315e-15,3.1744119035349114e-12
5.001607858997999e-05,0.00024499223995983393,2017.8381370806105,0.22242399032665425,9.503317777109122e-05,0.03681954232007636,9.99999999999992e-05,4.730892944653188,112.75805843164926,112.75805843165165,1.6413174038693707e-15,1.641317403869947e-15,6.215765162699158e-13,4.963829654671348e-13,1.2435582224831278e-08,219.84931038531914,219.84931038539634,2.0011810737766855,2.0011810737770017,1.5513031579666678,2.00118107377692,1.000000000000351,3.197876424746998e-06,1.0735024348164084e-06,7.4657555369178995e-19,2.38410654610461e-12,7.966109566108831e-15,9.843632650406991e-19,1561.0609070376656,2.3345978847536466e-13,7.746420593986583e-10,-5.652450989049367e-22,1.9353213593542853e-12,6.164381167633541e-10,2.928146984526928e-07,1.9353213593542853e-12,6.164381167633541e-10
5.910669414692426e-05,0.0002877601713999643,1987.7197478881028,0.22484608745281384,9.503317777109122e-05,0.036664934988807615,9.999999999996957e-05,4.679930607102486,112.75805843158533,112.75805843167448,6.26327301295808e-14,6.263273013074171e-14,2.3747337791335567e-11,1.8942717047716068e-11,4.7491505163211746e-07,8480.814867928371,8480.814868085565,2.0019669709455976,2.001966970962296,1.551912380590927,2.0019669709579664,1.0000000000185352,3.197876424746999e-06,1.0735024348164084e-06,2.852292742116447e-17,8.915734834076085e-11,3.0432353299582934e-13,3.801441984107196e-17,1560.559733770658,8.919333843058387e-12,2.1223277479440136e-08,-8.259761919854895e-19,3.9795306511541104e-10,2.7456279557420495e-08,8.022398887228371e-06,3.9795306511541104e-10,2.7456279557420495e-08
6.996478067213754e-05,0.00033829880476593863,1958.6869700562745,0.22721888363440607,9.503317777109122e-05,0.036510677174868084,9.999999999933121e-05,4.631059134345702,112.75805842979118,112.75805843170994,1.3742067948113806e-12,1.3742067956002302e-12,5.219352824800342e-10,4.156502750957124e-10,1.0431994138843782e-05,188038.77731420595,188038.7774221477,2.003121229565925,2.0031212300833676,1.5528071551033857,2.003121229949216,1.00000000057404,3.197876424746999e-06,1.0735024348164092e-06,6.268964677825765e-16,1.9187615863315867e-09,6.687940155164169e-12,8.44236831038955e-16,1559.8216934983484,1.9603523855121246e-10,3.2712232030436226e-07,-3.989770611068813e-16,3.529963897832515e-08,6.483104411729392e-07,0.00012365223707504894,3.529963897832515e-08,6.483104411729392e-07
8.293811252574428e-05,0.0003980771982388676,1932.21483251434,0.22941643623491204,9.503317777109122e-05,0.03636556779081944,9.999999999120878e-05,4.586698772480365,112.75805840698628,112.75805843172273,1.8018881315295015e-11,1.8018881508938278e-11,6.861771344545209e-09,5.451870336729494e-09,0.00013702683845523986,2489449.146648456,2489449.1734017846,2.004880614348962,2.004880624044582,1.5541710263911488,2.0048806215309027,1.0000000107466862,3.197876424746999e-06,1.0735024348164088e-06,8.241673561208708e-15,2.4736444526862143e-08,8.791222091875585e-11,1.1204726902598473e-14,1558.677929225259,2.577233284385199e-09,2.9737897893955122e-06,-6.881851882657299e-14,1.4362114671423732e-06,8.530394753869808e-06,0.0011240925403915036,1.4362114671423732e-06,8.530394753869808e-06
9.88682024479924e-05,0.000470807983204899,1908.2681216189767,0.23143623902131574,9.503317777109122e-05,0.03623107253455721,9.999999992220747e-05,4.546669485251153,112.75805821669134,112.75805843170372,1.58745637391487e-10,1.5874565908552712e-10,6.073175286082594e-08,4.809144011859822e-08,0.0012109234698192105,22125040.14463539,22125043.168224048,2.007969129324289,2.0079692528075723,1.556565312253932,2.0079692207933872,1.0000001366591262,3.197876424746998e-06,1.073502434816408e-06,7.294490830439236e-14,2.150123742275158e-07,7.779252552509274e-10,1.0002227517498427e-13,1556.6064498428134,2.28104212345114e-08,1.794498523025557e-05,-5.358907218843762e-12,3.199724504946756e-05,7.161222082318587e-05,0.006783204417036605,3.199724504946756e-05,7.161222082318587e-05
0.00011742045281206575,0.0005548266356430782,1887.891369919187,0.2331844028175801,9.503317777109122e-05,0.03611494279584637,9.99999995491288e-05,4.512583470848305,112.75805720458678,112.75805843167252,9.126087468706209e-10,9.126097650999015e-10,3.520952407944656e-07,2.77475961189944e-07,0.007000687205560445,128154845.17374386,128154988.16055642,2.0136194314482294,2.013620442447236,1.5609460794164618,2.0136201803363334,1.0000011157347375,3.197876424746997e-06,1.0735024348164084e-06,4.2290159181149113e-13,1.227085752699666e-06,4.50871170606179e-09,5.840895814748062e-13,1552.7023375986294,1.3224450717946335e-07,7.185935072999595e-05,-1.777373002769405e-10,0.00037893955450707346,0.00038153485752589626,0.02716283457593847,0.00037893955450707346,0.00038153485752589626
0.0001422438636692579,0.0006664094443780758,1868.1009461540357,0.23491487589176474,9.503317777109122e-05,0.036001557664338,9.999999770613885e-05,4.479341967719753,112.75805228280637,112.7580584316118,4.560240487373045e-09,4.560277510222014e-09,1.7922464826200233e-06,1.4007334126793347e-06,0.03541613096851487,645132870.656645,645138108.2437639,2.0260704104848033,2.026077812469237,1.5706029554025094,2.0260758934336387,1.0000081186176633,3.197876424746997e-06,1.0735024348164082e-06,2.152667200895712e-12,6.148805421499513e-06,2.2938611782729868e-08,2.9936784111496443e-12,1543.9526726364118,6.731552177054561e-07,0.0002440831561360266,-4.4610037682163135e-09,0.0036156731281796442,0.0017300598263242206,0.09226343301941806,0.0036156731281796442,0.0017300598263242206
0.00017271774216036316,0.0008024364296941604,1850.5390993908302,0.23648291046381562,9.503317777109122e-05,0.035901158188686444,9.999999079726749e-05,4.44964072739906,112.7580340977737,112.75805843156436,1.7651433020784636e-08,1.765222973538459e-08,7.196255791645827e-06,5.54871545052593e-06,0.14047847527134155,2513799503.3400426,2513912966.125943,2.0509483308505536,2.050989987530095,1.5899147190155773,2.0509791875689714,1.0000451359727573,3.197876424746996e-06,1.0735024348164077e-06,8.643422035914722e-12,2.4333790667209377e-05,9.202733348758817e-08,1.2090495369649453e-11,1526.4864247130233,2.702863052814352e-06,0.0006534478616594155,-6.737363605915838e-08,0.023895258271169808,0.006094552786826565,0.24700329170725907,0.023895258271169808,0.006094552786826565
0.00020365668290715902,0.0009397362447704184,1837.1607900864392,0.23770056109883464,9.503317777109122e-05,0.03582513261962157,9.999997397216941e-05,4.426846145622324,112.75799032877453,112.7580584315375,4.7325931448860306e-08,4.7333615949369236e-08,2.0374365977634108e-05,1.5438356868512995e-05,0.3905873402100015,6774547348.521745,6775647358.832239,2.0884488953293268,2.088601487920676,1.619070920868741,2.088561925807941,1.000162373993996,3.1978764247469983e-06,1.0735024348164084e-06,2.4471644606296473e-11,6.810276298210938e-05,2.602783734808244e-07,3.437128634349112e-11,1500.6523015588823,7.6524672488658e-06,0.0013041455130634904,-4.894515964314134e-07,0.0946576637383113,0.015292644439333742,0.49296700393799936,0.0946576637383113,0.015292644439333742
0.0002497833007604377,0.001143307009294824,1822.1320099964414,0.23909402630974474,9.503317777109122e-05,0.035740365964067135,9.999991552442797e-05,4.401043447261844,112.75784001900794,112.7580584315088,1.3741645010739534e-07,1.3750850333136984e-07,6.624993422191225e-05,4.86393589732742e-05,1.2232231335573263,19786016002.332706,19799270358.424736,2.1683914082114963,2.169044945670279,1.6814301904420768,2.168875491121627,1.0006698850385274,3.197876424746996e-06,1.073502434816408e-06,7.957272877436423e-11,0.0002184125008513101,8.447564337844486e-07,1.1220900944699173e-10,1448.018724258037,2.488299052414436e-05,0.0026819312280118076,-4.2124211643991e-06,0.42357625841426,0.042128847071157015,1.0137700041884632,0.42357625841426,0.042128847071157015
0.00030727953881518023,0.001395628851093233,1808.3004830024925,0.2404009677518961,9.503317777109122e-05,0.03566294813317596,9.999973828077378e-05,4.377109388487776,112.75738921629139,112.75805843148144,3.537036543427011e-07,3.5456861517450873e-07,0.00020577158843255674,0.0001445203997503819,3.570775697262308,51206685254.850784,51331908097.55637,2.307176141548458,2.309713362972463,1.790475475172452,2.309055297028254,1.0024454393421947,3.1978764247469983e-06,1.0735024348164073e-06,2.471516080213749e-10,0.0006692151900629541,2.617199111611824e-06,3.495428884616029e-10,1364.35003413371,7.728616594086443e-05,0.004955661602325956,-2.884880143633397e-05,1.6357163475887164,0.10772178400628359,1.8732400856792113,1.6357163475887164,0.10772178400628359
0.00037040172194339495,0.0016712645136627144,1796.8395425107929,0.24150110685692966,9.503317777109122e-05,0.03559908651868032,9.999928663864354e-05,4.357150138210849,112.7562512025779,112.75805843147009,7.52972273165928e-07,7.583708244999173e-07,0.0005623377247818822,0.0003764147231063318,8.992854187834865,109508798801.98936,110293939095.89465,2.5035575548016453,2.511619027439385,1.9469914941390583,2.5095265268401095,1.0071696548815678,3.197876424746997e-06,1.0735024348164084e-06,6.75419023022843e-10,0.001807228892187195,7.13366445324637e-06,9.571043674471845e-10,1260.621977214308,0.000211208606372674,0.007880685256200008,-0.0001365904364783386,4.932589353375522,0.23986945341993463,2.9788990268436026,4.932589353375522,0.23986945341993463
0.00045192553079917647,0.0020256336386045245,1785.541976801407,0.24259844520695587,9.503317777109122e-05,0.03553599743158717,9.999794292810303e-05,4.337383295053233,112.75289484384975,112.75805843145639,1.5228950903084856e-06,1.554730667325741e-06,0.0016260389427896664,0.0010325281655610159,23.186999354248368,222489184915.65005,227140241726.43393,2.8076586428834283,2.833920319951211,2.1968374573265197,2.827088242214478,1.02090464223035,3.197876424746999e-06,1.0735024348164086e-06,1.9529951988428482e-09,0.005163587606641257,2.057114213273219e-05,2.7725150541845172e-09,1127.1614966557402,0.0006107162815077695,0.011542330979291164,-0.0005953965414154899,14.072501158260739,0.5402962333546097,4.36300111017206,14.072501158260739,0.5402962333546097
0.0005540319493351685,0.0024675054818453553,1774.843925417217,0.24364318135198942,9.503317777109122e-05,0.03547520078212198,9.999421186103313e-05,4.318623580827364,112.74365646370185,112.75805843144256,2.7324317931152942e-06,2.891336618298006e-06,0.0045861600839707415,0.0027781461794475475,56.92083016115528,400917022962.26166,424232389738.1537,3.2257885565275983,3.3088958215359714,2.5650355205705204,3.287146090087948,1.0581550930504806,3.197876424747e-06,1.0735024348164071e-06,5.508118040875923e-09,0.01440196774070934,5.788474011745571e-05,7.835123463305577e-09,983.3477708573187,0.0017224299220104163,0.014100306714664161,-0.002085020747490309,33.433173409249996,1.153811764866903,5.329915938143053,33.433173409249996,1.153811764866903
0.0006491306117907366,0.002877531647088425,1767.0968425720996,0.2443964076263445,9.503317777109122e-05,0.03542954711062459,9.998823250553371e-05,4.305056234136183,112.72896582072138,112.75805843144047,3.7642688897567285e-06,4.2225826742928e-06,0.009337057988648563,0.005497410895716703,103.73810036965585,554021171975.5026,621475317116.981,3.603542738943386,3.7947534336416324,2.941669328404366,3.7442271227325294,1.1217537317228397,3.197876424746996e-06,1.073502434816407e-06,1.1213420656215677e-08,0.029092610719089616,0.00011768879368454035,1.59792879968776e-08,881.4611580412769,0.003506520942910678,0.013446287809927467,-0.004280662846473229,52.041846344682526,1.8950696349235254,5.082696792152582,52.041846344682526,1.8950696349235254
0.0007637759678563062,0.0033703102296150063,1759.6221276926592,0.24511596815633613,9.503317777109122e-05,0.03538355391254132,9.997873505155217e-05,4.292010681827764,112.70581137574023,112.75805843143868,4.506367938328496e-06,5.604538860264019e-06,0.01689167725623825,0.009730930927319567,169.26506982793128,665195278596.3757,827298800181.9424,3.995428309198129,4.407418586947486,3.4166035557732446,4.296693958960634,1.2436931331317027,3.197876424746999e-06,1.0735024348164073e-06,2.0284279193508043e-08,0.05224705569845878,0.00021269471389941577,2.896381706621679e-08,795.8123017010073,0.006343046603219772,0.010515549708123515,-0.0067279355550871,63.54721846711268,2.803979634077465,3.9748777896706886,63.54721846711268,2.803979634077465
0.0008855354230331713,0.0038921989639482293,1753.1862271599218,0.2457302718373655,9.503317777109122e-05,0.03534248996405777,9.996788425074865e-05,4.280816451029401,112.67957501441671,112.75805843143756,4.693392030071495e-06,6.703656128687063e-06,0.025531108319618946,0.014490600949284236,236.64058022079752,694538616915.6025,992021980278.769,4.319548542643793,5.071186266187295,3.9311521443312363,4.8645946512032925,1.428317959747536,3.197876424746998e-06,1.0735024348164071e-06,3.065556577516209e-08,0.07848341702085221,0.0003212606677838217,4.385748401398448e-08,736.599913874407,0.009586225889759768,0.0077181722067098885,-0.00801149773689119,63.7148669933193,3.6223642411222383,2.917469094136338,63.7148669933193,3.6223642411222383
0.0009253766323017509,0.004062687018535628,1751.3293123560986,0.2459069084701568,9.503317777109122e-05,0.03533043450460877,9.996439769370857e-05,4.27759233768193,112.6711901043822,112.75805843143709,4.665328507137292e-06,6.9979998930787225e-06,0.028308694424859907,0.016006083076149494,257.1639398472297,690881979525.1707,1036324025510.8752,4.4072499555338895,5.289430898102555,4.000756371065125,5.045043508564926,1.5000015288039787,3.1978764247469953e-06,1.0735024348164058e-06,3.3989467529580835e-08,0.08686832705489206,0.00035614986047775106,4.865539507897858e-08,722.0666589683949,0.010628762033001296,0.007067246887118493,-0.008150547287764496,61.41998239210237,3.852024810016624,2.6714193233307904,61.41998239210237,3.852024810016624
0.0009263270973632591,0.004066752685020684,1751.2862522665469,0.24591100708138297,9.503317777109122e-05,0.03533015468155342,9.996431662428143e-05,4.277517574314219,112.67099544512708,112.75805843143337,4.6642957586972145e-06,7.004716780414635e-06,0.028373288396941546,0.01604123614359467,257.6373607422448,690740553859.632,1037336009302.4825,4.409189282613492,5.294570893967962,4.0053037149619914,5.049250412025458,1.5017737173620234,3.197876424746999e-06,1.0735024348164086e-06,3.4066996100041806e-08,0.08706298630629793,0.00035696113296840835,4.876703983176264e-08,721.7518574075295,0.010653005799852639,0.0070547234835635015,-0.008152494326980737,61.40506709282288,3.8572176442416213,2.6666854767870034,61.40506709282288,3.8572176442416213
0.0009513855224102041,0.004173916151761238,1750.1714954165154,0.24601705178027056,9.503317777109122e-05,0.035322891559934476,9.99621862503346e-05,4.27558265909737,112.6658839331462,112.75805843143326,4.632396400788347e-06,7.177648385452782e-06,0.03007084890414724,0.016963861630003532,269.9997644947207,686312376082.0835,1063404012071.052,4.459028163272947,5.430247498200927,4.125870037586911,5.159794081722155,1.5494460673165364,3.197876424747001e-06,1.0735024348164082e-06,3.610443901213192e-08,0.09217449828705229,0.00037828053871075606,5.170192382192929e-08,713.7553663609697,0.011290129516179892,0.006740662142293914,-0.008186047717309002,60.953715501864984,3.991397050484937,2.5479702897870995,60.953715501864984,3.991397050484937
0.0010974606898527057,0.004797713744344237,1744.357106529932,0.24656825600702362,9.503317777109122e-05,0.035284420922733845,9.995011673200274e-05,4.265509566309488,112.63705719235568,112.75805843143203,4.331735919860673e-06,8.059895521114947e-06,0.03969306890282044,0.02215097977379758,337.6953827229321,643205932008.0336,1196788702371.5103,4.705951724377284,6.222971551187652,4.849515321754497,5.788107843697076,1.860661792460836,3.1978764247469987e-06,1.0735024348164071e-06,4.765156303903315e-08,0.12100123907635381,0.0004990816382037643,6.836538285390583e-08,676.6335542584284,0.014901002011922055,0.005473587711251405,-0.00789667893465895,57.35824259690948,4.683109572939597,2.0690161548530313,57.35824259690948,4.683109572939597
0.0013110560688890042,0.005707484752425054,1737.4507966476672,0.2472177609245204,9.503317777109122e-05,0.035237299294725764,9.993352399114349e-05,4.2535968108848135,112.59774770687,112.75805843142993,3.820495205477985e-06,9.137207508387054e-06,0.052933996589890064,0.029178626444310407,426.61208366362666,568787748066.7124,1360329329784.7527,4.9677467140731135,7.354813554723908,5.931468266048828,6.643404878575965,2.391629099621888,3.1978764247469974e-06,1.0735024348164075e-06,6.353675850695444e-08,0.16031072455992837,0.0006652022884970345,9.136101129116873e-08,641.3268430382565,0.019868422061362537,0.0047499122752612324,-0.0069539763655101445,52.846031196890955,5.51010798233035,1.795466840048746,52.846031196890955,5.51010798233035
0.0016025539422250279,0.00694547637927302,1730.0759604998311,0.2479004606368032,9.503317777109122e-05,0.03518462587217683,9.991210676069797e-05,4.240973745030152,112.54742402342328,112.75805843142638,3.30345905940768e-06,1.048669494400064e-05,0.07004482456131578,0.0380924672203028,538.3554483730884,493170587883.3762,1565549751784.643,5.2091258687198,8.760244328480917,7.338623205620369,7.655756058747364,3.174458879439219,3.197876424746998e-06,1.0735024348164073e-06,8.405689346114016e-08,0.21063440800310554,0.0008797055947640291,1.2115523453709764e-07,611.9722911589486,0.026285222534135393,0.0045664022811283105,-0.00593142447334385,49.34897607107684,6.481233838439085,1.7261000622665013,49.34897607107684,6.481233838439085
0.0019991362203016752,0.008624691930683596,1722.4657525293044,0.2485837470390514,9.503317777109122e-05,0.03512640932290065,9.988392137973372e-05,4.228123576578618,112.48168288152979,112.75805843142122,2.917760755117257e-06,1.2300574819182827e-05,0.09259422483980687,0.04958924465362233,683.8643047432757,436790630600.81177,1841403830865.9805,5.420906003510966,10.357762644148867,9.00724257556429,8.757170114941475,4.215758539355808,3.197876424747002e-06,1.0735024348164086e-06,1.1108582670641517e-07,0.27637554989143076,0.0011621351931617716,1.604932893789472e-07,588.4550341193225,0.03473737316638298,0.004564705636680717,-0.005250204736065861,46.82486090900132,7.704816072796037,1.7254587306653113,46.82486090900132,7.704816072796037
0.0024956749281919576,0.010721055749648616,1715.3831380573974,0.24918693581745457,9.503317777109122e-05,0.03506685668826696,9.984929979028639e-05,4.216427070925057,112.40142979525301,112.75805843141696,2.6638370314059126e-06,1.4556672862350082e-05,0.12033886462431165,0.06337944157416972,861.4502082566696,399745724086.9774,2184430828557.9573,5.59285605114521,12.009727492734688,10.799969558100523,9.851109162740332,5.464550830524119,3.1978764247470046e-06,1.073502434816409e-06,1.4432118970862026e-07,0.3566286361639527,0.0015092765801093704,2.0894000349916724e-07,570.7702747194581,0.0451303210442343,0.004490616596743236,-0.004888863407543532,44.51090205398858,9.182529428587657,1.6974530735689433,44.51090205398858,9.182529428587657
0.003154788792736615,0.013496343985903658,1708.5476321456354,0.24971892615783817,9.503317777109122e-05,0.03500168738582426,9.980412182048002e-05,4.205541137508948,112.29724803771013,112.75805843141207,2.451462069378895e-06,1.747615465681836e-05,0.15661809239605765,0.08083952758797718,1091.395384849201,368661292980.0168,2628138469926.9478,5.745366387174579,13.905193761416808,12.933341835566567,11.057525843467566,7.1288701037279925,3.1978764247470017e-06,1.0735024348164099e-06,1.8774551651634867e-07,0.4608103937019401,0.0019626261515777294,2.722804972340451e-07,556.0892908574782,0.058709434505807144,0.0043463528626140864,-0.004614313314405996,41.81672921172153,11.110524744467627,1.6429213820681248,41.81672921172153,11.110524744467627
0.0041073868516961366,0.017497331406075733,1701.7834992145215,0.2501551129835737,9.503317777109122e-05,0.034924011644040416,9.973977432989258e-05,4.195501716195292,112.14945570224755,112.75805843140445,2.2442545291360855e-06,2.1536928825584664e-05,0.20843647284980263,0.10467820773510844,1415.7370609111435,338090057696.9943,3244472235536.0137,5.894527885914333,16.30794637619154,15.738578647746742,12.526206898505029,9.596473370547322,3.197876424747003e-06,1.0735024348164084e-06,2.497015646443029e-07,0.6086027291568958,0.002609046108795969,3.625923467362272e-07,542.6263093389647,0.07808355654770432,0.004157555644487926,-0.004338471438109749,38.61221256470969,13.935019573944958,1.571556033616436,38.61221256470969,13.935019573944958
0.0052880856507244575,0.02244652327771591,1696.5042202907866,0.2503526312808054,9.503317777109122e-05,0.03484316012033143,9.966021474062901e-05,4.188848106874055,111.96703923192356,112.75805843139936,2.0676391881424906e-06,2.634353274108205e-05,0.27273883755294065,0.13251109269631975,1811.318661271781,311729440735.1792,3971705883435.0454,6.028510697556728,18.94740345488793,18.926233047887894,14.08023130114615,12.7408751450239,3.1978764247470034e-06,1.0735024348164086e-06,3.2647352674593217e-07,0.7910191994757996,0.0034094373592862604,4.7420089671355344e-07,531.266150509645,0.10209072627681702,0.003957526238418385,-0.004084471185348029,35.500750674724465,17.67841146233831,1.4959449181221496,35.500750674724465,17.67841146233831
0.005377124412731313,0.022819479191891867,1696.2071090753645,0.2503559435662661,9.503317777109122e-05,0.03483751889876067,9.96541789495594e-05,4.188539033795854,111.95319712779593,112.75805843139942,2.0564104720651497e-06,2.669689637875824e-05,0.27762759200235715,0.13454981922587364,1841.058305508315,310040635412.0023,4025034315491.639,6.037442336949021,19.13643047667456,19.158151883763267,14.189594528326886,12.982279919994712,3.1978764247470046e-06,1.07350243481641e-06,3.3230533106394013e-07,0.804861303603487,0.0034702112253199927,4.826600031606862e-07,530.5320587044521,0.10391437533119514,0.003943749120851227,-0.0040756292746165525,35.29348611506466,17.977425543450575,1.4907371676817638,35.29348611506466,17.977425543450575
0.0057722244595552466,0.02447413997732689,1695.0295778779866,0.25035404028049013,9.503317777109122e-05,0.03481306953357664,9.962730265629831e-05,4.187441395172625,111.89153893161881,112.75805843139945,2.000249545023976e-06,2.825271333201798e-05,0.2994142877676941,0.14350269860998946,1973.0614040900896,301571079170.3606,4259569147371.244,6.075609207976298,20.00225795689819,20.227794461825372,14.686393461793417,14.124594304896755,3.1978764247470042e-06,1.0735024348164082e-06,3.582861826211622e-07,0.8665194997806425,0.003740915730576643,5.203074263881689e-07,527.4273857502671,0.11203878293999683,0.003899790655036705,-0.004044397665199747,34.3365691612089,19.340062923168574,1.4741208676038746,34.3365691612089,19.340062923168574
0.006466741157778007,0.027381993191055252,1693.4630871142933,0.2502898485487121,9.503317777109122e-05,0.034771978481433825,9.957950301475937e-05,4.186506041427483,111.78174585743783,112.75805843139949,1.910307790827847e-06,3.09610724677605e-05,0.3382337782400446,0.1589289471310481,2206.423374828406,287937008092.97986,4666702725351.696,6.137422758158028,21.495954366202906,22.095360984416565,15.531864355891189,16.207373815055885,3.1978764247470042e-06,1.073502434816409e-06,4.0454431114631506e-07,0.9763125739616578,0.004222726289149272,5.871697352076868e-07,522.5115775318038,0.1265040475034368,0.003860038422570108,-0.00397798041514743,32.92062332170477,21.908610693080536,1.4590945237315007,32.92062332170477,21.908610693080536
0.00755726110498169,0.03194766280698391,1692.1201936533294,0.2500468852066557,9.503317777109122e-05,0.03471067740648338,9.95020768111172e-05,4.187316097291558,111.6033381021766,112.75805843139929,1.7982086608389722e-06,3.5161706987509596e-05,0.4013045579169641,0.18261871081532777,2579.9517165289153,270777415882.31992,5294711544569.608,6.2275959329780735,23.734160002006394,24.937000051781006,16.777621072342086,19.553741316708233,3.1978764247470093e-06,1.0735024348164099e-06,4.796068803644739e-07,1.154720329222695,0.005004148705642507,6.951509983093481e-07,515.5625598455637,0.1499766772264873,0.003795822440379647,-0.0038881315306387903,31.087144764681653,26.530507540789824,1.4348208824635067,31.087144764681653,26.530507540789824
0.009588059697559588,0.04045822088503555,1692.7632320926743,0.2491559270122039,9.503317777109122e-05,0.03460014128042734,9.934489283260169e-05,4.195652079545973,111.23795960744431,112.75805843137816,1.6446729791742063e-06,4.2802420884205886e-05,0.5300463090709164,0.22607638808347857,3316.17560930013,246775298203.20352,6422298117174.897,6.399325576924926,27.73697885042156,30.112839557374404,18.964022627895424,26.024882408961975,3.197876424747233e-06,1.0735024348164844e-06,6.324679565830759e-07,1.520098823933851,0.006594271217438924,9.12778754528272e-07,502.8873547891563,0.1977774849861854,0.00366593765567651,-0.00373061628274639,28.43870729715686,38.14325149835354,1.3857244338457206,28.43870729715686,38.14325149835354
0.011992178128504435,0.05056927591197198,1699.0084379292923,0.24723677531150554,9.503317777109122e-05,0.03446029875578762,9.911787411250858e-05,4.218559582372585,110.69997318325586,112.75805843118493,1.5127154026309062e-06,5.1512669040373704e-05,0.7175335619072711,0.27923651128879534,4316.565782971336,225227390302.35352,7669693846769.832,6.6552100638791005,32.556097368929315,36.42355174486888,21.571518076388536,34.05311332903939,3.1978764247488677e-06,1.0735024348170326e-06,8.542271395413644e-07,2.058085247929064,0.00889976601544734,1.2224163614922927e-06,485.02014271825414,0.26712324870681853,0.0034799584958937944,-0.003531225344014257,26.010877681640654,62.42021434283609,1.3154243114478543,26.010877681640654,62.42021434283609
0.013711081074165205,0.05784402861941761,1708.7413333790919,0.24495795444788931,9.503317777109122e-05,0.03433826150049952,9.889989916984514e-05,4.248442138984726,110.16959758348095,112.7580584309428,1.4250074233298266e-06,5.7450019026263137e-05,0.8991039070596537,0.3216663035744726,5202.860504784462,210213004144.8425,8474861877890.651,6.918717769300581,36.51644472705281,41.61772693694413,23.723747795484833,40.31559280724251,3.197876424750681e-06,1.0735024348176385e-06,1.0680335631602284e-06,2.5884608474618505,0.01112337666169657,1.513755329779213e-06,467.741106232656,0.3339821247923068,0.0032671299708473397,-0.003325368039116518,24.193734860860065,98.32793908249279,1.2349751289802944,24.193734860860065,98.32793908249279
0.01491957787359469,0.06299726156725591,1720.4686191702401,0.2424899042311571,9.503317777109122e-05,0.03422558260610788,9.868709241154542e-05,4.282449184658734,109.63746544702424,112.7580584306805,1.3431524149773008e-06,6.137090329391455e-05,1.0776742821791507,0.3569403944579123,6001.38356066653,196141668135.14105,8962044227298.102,7.18942316795584,40.1440139664243,46.37597067246328,25.702366945727885,45.69168964711404,3.1978764247525e-06,1.0735024348182488e-06,1.2774003756557412e-06,3.1205929836562625,0.013303741720867355,1.7922350310050967e-06,451.10493623407945,0.3994527011020455,0.002975002101586066,-0.0030636108058084937,22.186027074177744,151.1889433170564,1.124550794399533,22.186027074177744,151.1889433170564
0.015718920039097143,0.06643319307438895,1732.562788336797,0.24008905888055004,9.503317777109122e-05,0.03412493114325205,9.849055704322181e-05,4.3166601752534115,109.13303601648896,112.75805843052518,1.2549241022824684e-06,6.373751192092833e-05,1.2436201039775014,0.385557692950638,6686.451897914345,181443216025.9512,9215488907569.451,7.446461041384676,43.6063626498953,50.949534064470846,27.576711156217073,50.78993367407791,3.1978764247535166e-06,1.0735024348185903e-06,1.4711653746954225e-06,3.6250224140362186,0.015325763223368014,2.0441933716247622e-06,436.2883466527235,0.4600444730480209,0.0025933736586115,-0.002741130729047108,19.721056171284538,221.7477446541555,0.980295242955147,19.721056171284538,221.7477446541555
0.01631245928268139,0.0690056520280953,1745.8806342823643,0.2375469395116269,9.503317777109122e-05,0.03402314211385026,9.828745926492122e-05,4.35385956028393,108.59862850533297,112.75805843036338,1.1431221574373042e-06,6.52702206871043e-05,1.416050626674194,0.41231438188080916,7349.025380381807,163528324722.261,9337173436601.707,7.714485117254124,47.61974250870164,56.33316518990219,29.70624498227313,57.09820272702055,3.197876424754534e-06,1.073502434818931e-06,1.6716911996368216e-06,4.159429925030408,0.0174237969739196,2.2994275810147485e-06,421.7809350844722,0.5227504060820855,0.0020727351282109974,-0.002323232100756654,16.380368612338902,322.52044422498886,0.783493878463757,16.380368612338902,322.52044422498886
0.016751120904063634,0.07092368909125163,1760.1439629631411,0.23490861623212583,9.503317777109122e-05,0.033920134764186635,9.807844691837608e-05,4.3933974364959765,108.03483019346925,112.75805843026924,1.0062991998103502e-06,6.61898987899459e-05,1.5944249077881176,0.43786107184898587,7991.080132202738,142356394249.3652,9363572314519.299,7.988339185950123,52.55155388899934,63.094711935020115,32.24616164326906,65.77556536109759,3.1978764247550493e-06,1.0735024348191038e-06,1.8782647901115253e-06,4.72322823679999,0.019592001527866863,2.5568499822938333e-06,407.8746176513182,0.5873475208661711,0.0014369223952895355,-0.0018335343819278322,12.245796253319028,458.49845952661127,0.5431566654194444,12.245796253319028,458.49845952661127
0.017068345640856727,0.07232335366855736,1774.5122864961377,0.23232321755645335,9.503317777109122e-05,0.033820658292434594,9.787337936665749e-05,4.433002092804121,107.46807829565834,112.75805843026832,8.597267283705621e-07,6.668873012922356e-05,1.7702822864870946,0.4617301336740734,8589.832560542025,120282915969.53365,9330307710045.797,8.251173851229868,58.46246813927326,71.39556244110956,35.189498483576266,77.56968339883831,3.1978764247549596e-06,1.073502434819074e-06,2.081068016345029e-06,5.289980134609972,0.021728284517739963,2.804436095079677e-06,395.32953250538,0.6507656144060266,0.0008131149828350369,-0.0013545029062641486,8.015716421195659,616.9446243766382,0.30735746351164395,8.015716421195659,616.9446243766382
0.01730737046814095,0.07338742435105479,1788.7102646257752,0.2298346236042391,9.503317777109122e-05,0.03372608149878715,9.767494448760346e-05,4.471917547618334,106.90664407636771,112.75805843032123,7.21514118554183e-07,6.696062110168683e-05,1.9412142915337502,0.48421305044719626,9146.627886343083,99864514026.00186,9267995889808.816,8.497093189365355,65.26479362975608,81.1653761709985,38.4705676424031,92.80569760140922,3.1978764247545996e-06,1.0735024348189643e-06,2.2773816659490236e-06,5.851414353953517,0.02380401161046265,3.0394366937564556e-06,384.24732923264236,0.712154368544494,0.0003417389631704806,-0.0009560740269980695,4.436883995397207,771.9789486986682,0.12917732807844168,4.436883995397207,771.9789486986682
0.017499490793465303,0.07425011451798783,1802.5983744884384,0.22746395331083488,9.503317777109122e-05,0.033637366722908665,9.748488273077594e-05,4.509733258023517,106.35644903344955,112.75805843036609,6.065773456867065e-07,6.713019505771793e-05,2.1056153252260534,0.5054852785948157,9664.161778784315,83090175162.19283,9195628069002.902,8.723138212500384,72.52488166932343,91.79018081305314,41.880963198166825,110.67046195356968,3.1978764247543467e-06,1.0735024348188677e-06,2.4654458789630514e-06,6.401609396916545,0.025800074832113704,3.2603261205710876e-06,374.5788274518957,0.7709634618411202,9.25608873493201e-05,-0.0006697392228322263,1.9774797854098978,884.7233781811283,0.034988015418043,1.9774797854098978,884.7233781811283
0.017663595845578636,0.07499308576828777,1815.7894987761997,0.22527258639145656,9.503317777109122e-05,0.03355708882162455,9.730869215436073e-05,4.545373146821515,105.83485544346057,112.7580584303573,5.209324246206045e-07,6.725903098310133e-05,2.2586039541733136,0.5251317574527997,10133.258568917514,70670903039.12683,9124516410308.268,8.92378034471795,79.52158338173432,102.17688525668277,45.10298414527498,129.11277510146567,3.1978764247544268e-06,1.0735024348188953e-06,2.6397991622689023e-06,6.923202986896724,0.027657424905088095,3.461366467387044e-06,366.3847449172072,0.8254850443377437,1.3642892653872648e-05,-0.0004857080108089094,0.6704111413581355,912.9470706717601,0.005157013423163861,0.6704111413581355,912.9470706717601
0.017791593791848446,0.07557667504717741,1826.154361683542,0.22359505098152824,9.503317777109122e-05,0.033497323206614985,9.717417939106666e-05,4.573145426708567,105.42841625731592,112.7580584303462,4.670526081460327e-07,6.735287182064679e-05,2.375780241472471,0.540135841098188,10485.64338414386,62889608855.06193,9069204818017.416,9.071290918106214,84.96004572648852,110.33769576288282,47.56993235998198,144.20831967517387,3.197876424754493e-06,1.0735024348189471e-06,2.7729134539923357e-06,7.329642173030279,0.029079953408152826,3.612296480464665e-06,360.5797862524812,0.8671108841273362,1.4556413083833216e-06,-0.0003838145046115801,0.20712492757404247,853.7713094334125,0.0005502324145688956,0.20712492757404247,853.7713094334125
0.017926978059692338,0.07619766461193388,1836.2619941199005,0.22200336357654502,9.503317777109122e-05,0.033442954045584984,9.704832144994957e-05,4.599968430709771,105.04036490028463,112.75805843033507,4.2126742238983636e-07,6.744028264523826e-05,2.48571245613577,0.5541985991508294,10811.333213820482,56320737768.686646,9016330891102.42,9.205121983315468,90.36332980109201,118.532676419429,49.98235523407751,160.08900537015595,3.1978764247545517e-06,1.0735024348189366e-06,2.897464234138722e-06,7.717693530050433,0.03041452449859077,3.751181522371324e-06,355.4661265317962,0.9060588494653776,6.530203939173521e-08,-0.00030629836401452115,0.04680398096771679,712.2755135770157,2.4684170890075907e-05,0.04680398096771679,712.2755135770157
0.01806599901371114,0.07683881364097575,1845.046982750808,0.22066820714105545,9.503317777109122e-05,0.033400858390785625,9.69468967171656e-05,4.6229646261384465,104.71974314515533,112.75805843034543,3.8331724466111957e-07,6.751084043805346e-05,2.5745111531225664,0.5655544743813129,11071.162443934474,50938837501.37387,8971481921444.584,9.310209780514379,95.4061316653907,126.28246749767838,52.18726281545573,176.12262787117226,3.1978764247544873e-06,1.0735024348189158e-06,2.997835901843021e-06,8.03831528519009,0.03149253237033151,3.860778142495949e-06,351.5488152475282,0.9374458245615902,2.296179025388192e-09,-0.000248771565044113,0.011727225445986826,524.9407825963559,8.679556715967366e-07,0.011727225445986826,524.9407825963559
0.018211727833970476,0.07751394661859227,1852.3845018686934,0.21960556906170056,9.503317777109122e-05,0.033372206340720856,9.687307311617658e-05,4.641797458279779,104.4779265366677,112.75805843035778,3.507361973668021e-07,6.756228822008254e-05,2.6392616660928336,0.5738344200273225,11258.882405207518,46384709789.43407,8935083277193.717,9.385233433346341,100.13151137835364,133.6539666524029,54.202543417943424,192.62992735655817,3.197876424754412e-06,1.0735024348188847e-06,3.070893067497471e-06,8.280131893690076,0.03227859696682857,3.938088697452038e-06,348.8033391531182,0.9602913495134275,2.421943951428174e-10,-0.00020443304372679498,0.004495112532706794,342.7965795882215,9.154948136398498e-08,0.004495112532706794,342.7965795882215
0.018356164197762134,0.07818546531185283,1858.0704134123603,0.21882963765842417,9.503317777109122e-05,0.03335636683059275,9.682693115908926e-05,4.656037878588695,104.31840643172956,112.75805843035954,3.2386323429206545e-07,6.759448440826494e-05,2.6797828204599985,0.5790159721523886,11375.635961918535,42679438311.783936,8907755873634.416,9.431522939111396,104.3227796819973,140.2887054758773,55.945483180025995,208.71305307630897,3.1978764247544073e-06,1.0735024348188768e-06,3.116555986749342e-06,8.439651998629985,0.03277051955647465,3.983978289123139e-06,347.1301680864254,0.9745704876622644,7.310024053195941e-11,-0.00017139039290582812,0.0022813511458511493,209.3363592606879,2.7631890921080654e-08,0.0022813511458511493,209.3363592606879
0.018521529033060986,0.07895647830567078,1863.1162945263416,0.21818338781365318,9.503317777109122e-05,0.033348175400668076,9.679636493741156e-05,4.668354826313881,104.20363819399438,112.75805843035677,2.981062423166177e-07,6.761582930809394e-05,2.7066468774643697,0.5824511423512688,11452.739759755454,39169105740.916626,8884253973841.947,9.461938461066312,108.65129528037772,147.23207588873404,57.703995955702474,226.81789144247233,3.1978764247544327e-06,1.0735024348189044e-06,3.1468048762609446e-06,8.554420236362391,0.03309664639671463,4.0117435756142965e-06,346.0392821217174,0.9840295428269729,2.59865633597647e-11,-0.00014266002663614893,0.0011863618230874822,114.21732638600281,9.822920949991057e-09,0.0011863618230874822,114.21732638600281
0.018692773492858236,0.07975676401963533,1867.1130282395602,0.21770032508111906,9.503317777109122e-05,0.03334572152098209,9.677935591814991e-05,4.677891518722438,104.13155841456937,112.75805843035442,2.757525914057439e-07,6.762771282610859e-05,2.7216031218851495,0.5843636329119877,11495.564328837827,36151771660.45242,8866141999045.602,9.478779281546542,112.73913657798208,153.86386061892574,59.331788927851946,245.2477870882482,3.1978764247544484e-06,1.0735024348189082e-06,3.1636373113796597e-06,8.626500015785053,0.03327821363893782,4.024821070730941e-06,345.43814321172636,0.989293171836667,1.0076154109784455e-11,-0.00011999945699848167,0.0006525519480257902,60.65050416657765,3.808786253498524e-09,0.0006525519480257902,60.65050416657765
0.01888754163116879,0.08066869119117093,1870.5379429847608,0.21730472347036447,9.503317777109122e-05,0.03334618234239673,9.676937530276728e-05,4.685924313367707,104.08189935684786,112.75805843035195,2.544142956040964e-07,6.76346878252607e-05,2.7303816499507993,0.5854861665159109,11520.666392731839,33293663252.65878,8850943361127.203,9.488633405861554,117.0270502671586,160.88475152839658,61.01168148128593,265.8446832347407,3.1978764247544594e-06,1.073502434818908e-06,3.1735143098391775e-06,8.676159073504095,0.03338478405340709,4.030372926024145e-06,345.08734201490495,0.9923817835113032,3.741865033899032e-12,-0.00010029387446207432,0.0003551557268963858,30.378040994740406,1.414424982813834e-09,0.0003551557268963858,30.378040994740406
0.019121091145263565,0.08176394160130071,1873.5262532580318,0.21697129155701028,9.503317777109122e-05,0.0333482070591871,9.676357873652188e-05,4.6928443190937115,104.04628694814937,112.75805843034493,2.3318314359341608e-07,6.763873944266304e-05,2.7354808960888977,0.5861382227952772,11535.236216247686,30468447970.30241,8837891889299.533,9.494347125330904,121.78375610253978,168.73714512635237,62.84893027753222,290.0670194265827,3.197876424754466e-06,1.0735024348189702e-06,3.1792506969831745e-06,8.71177148219556,0.033446688371501394,4.0316506523719415e-06,344.88425544923024,0.9941755948980115,1.2543027357913698e-12,-8.252382139520107e-05,0.0001846720255129391,14.212382792403089,4.741264341291378e-10,0.0001846720255129391,14.212382792403089
0.019381889035035377,0.08298857582758049,1875.8934210557115,0.21671352964283228,9.503317777109122e-05,0.033350674208850344,9.676053455684789e-05,4.69827823319656,104.02219520488165,112.75805843036069,2.1368388298263712e-07,6.764086742279086e-05,2.7381591090973525,0.5864806954096792,11542.885198120191,27887443139.38584,8827670191228.646,9.497345044121133,126.70654448807332,176.92390474953265,64.72638472123882,316.54641650389243,3.1978764247544683e-06,1.0735024348187326e-06,3.182263272305624e-06,8.735863225479038,0.033479201600341256,4.03077552690773e-06,344.77779177393927,0.9951176498502093,4.101107722236669e-13,-6.780096591817058e-05,9.575547246792165e-05,6.767393712150484,1.550218719005461e-10,9.575547246792165e-05,6.767393712150484
0.01966560803980163,0.08432219199229668,1877.7199941795216,0.21651772751244786,9.503317777109122e-05,0.03335298614085185,9.675891544914116e-05,4.702448302548319,104.00555356960976,112.75805843036368,1.9622124052403024e-07,6.76419992859992e-05,2.7395836387425243,0.586662855551701,11546.952721033294,25585292276.46474,8819841915558.402,9.498938776287924,131.6851421324336,185.25863815227805,66.60373149569268,344.7231253117851,3.197876424754469e-06,1.0735024348186803e-06,3.183865570561597e-06,8.752504860753922,0.03349649524333258,4.0292139053988266e-06,344.72122044862874,0.9956187005611041,1.3476300545238364e-13,-5.590597849854937e-05,5.015245786592497e-05,3.430127493576639,5.094041606100102e-11,5.015245786592497e-05,3.430127493576639
0.019972340117153493,0.08576510503790918,1879.1366254851594,0.2163673552966229,9.503317777109122e-05,0.03335496781756798,9.675799617600134e-05,4.705671721823461,103.99354658549234,112.75805843036346,1.8061842682541375e-07,6.764264193547445e-05,2.7403924584319705,0.5867662824825571,11549.261890632326,23534484892.390068,8813800245589.242,9.499843404112061,136.70134080211596,193.707789856136,68.47561611180383,374.5057640262696,3.1978764247544683e-06,1.0735024348186822e-06,3.184775299877593e-06,8.76451184487112,0.033506314230968816,4.027595886606846e-06,344.68911772927004,0.9959031797576596,4.474430131502005e-14,-4.630369069892116e-05,2.6538730630042635e-05,1.882569151907485,1.691334589707758e-11,2.6538730630042635e-05,1.882569151907485
0.020328701216000788,0.08744252942736508,1880.3214580685124,0.2162423799772922,9.503317777109122e-05,0.03335672056682003,9.675739775985642e-05,4.708362194874372,103.98396036570956,112.7580584303632,1.656715778822916e-07,6.764306028539761e-05,2.740918981340656,0.5868336108253606,11550.764994088251,21574449672.412373,8808763811328.773,9.500432194096055,142.12884285859417,202.9041992757439,70.48041333669708,408.29610697290207,3.197876424754468e-06,1.0735024348186824e-06,3.1853675033305766e-06,8.774098064653641,0.033512706164594584,4.026037411395336e-06,344.6682263544379,0.9960883662296574,1.3847023459982827e-14,-3.8007719440987494e-05,1.3526939896182677e-05,1.0832600411324262,5.234174867873508e-12,1.3526939896182677e-05,1.0832600411324262
0.02075242530546177,0.08943808607783232,1881.3252944124933,0.21613693461788222,9.503317777109122e-05,0.03335825424580959,9.67569794795358e-05,4.710638862954356,103.97607582976872,112.75805843035867,1.511769726700327e-07,6.764335270627944e-05,2.741287013688756,0.5868806721449286,11551.81559026684,19677301378.012905,8804506492704.312,9.500843702628911,148.11360070106707,213.10682757462232,72.66779804086458,447.44481591069825,3.1978764247544687e-06,1.0735024348186911e-06,3.1857814411366526e-06,8.781982600589954,0.03351717403893774,4.024610696572258e-06,344.6536267301894,0.9962178076936467,3.882202854155224e-15,-3.0799913308883194e-05,6.532870624670569e-06,0.653531538522313,1.4674726788706747e-12,6.532870624670569e-06,0.653531538522313
0.021391437934804688,0.09244903706141808,1882.344829018521,0.2160301317197379,9.503317777109122e-05,0.03335983913755271,9.675660916716408e-05,4.71294970569395,103.96821330678719,112.75805843036615,1.3405159533578986e-07,6.764361159474921e-05,2.741612843157962,0.5869223365085442,11552.745676671171,17439628228.24167,8800189473858.852,9.50120799008135,156.35381609660803,227.25482789288745,75.64213159142267,504.6087771302289,3.1978764247544704e-06,1.0735024348186778e-06,3.186147909023234e-06,8.789845123578957,0.033521129574370895,4.023096687414303e-06,344.64070344168846,0.9963324049569259,6.955839294496827e-16,-2.3334471524682564e-05,2.451774804474373e-06,0.3754396232337019,2.6293072533198007e-13,2.451774804474373e-06,0.3754396232337019
0.02223343814122115,0.09641820850978373,1883.183896233594,0.21594233993998016,9.503317777109122e-05,0.03336114645944764,9.675632215438164e-05,4.714851772736376,103.96178901344274,112.75805843036963,1.1724170480617096e-07,6.764381224914331e-05,2.7418653809462374,0.5869546286335579,11553.46652721667,15246523700.070745,8796639287399.852,9.501490314029722,166.0762032739514,244.08779813162718,79.09949548761809,576.9603261994098,3.1978764247544695e-06,1.0735024348186708e-06,3.1864319421444968e-06,8.796269416926888,0.03352419535620788,4.021829549902526e-06,344.6306885059135,0.9964212242493365,9.495703511772296e-17,-1.709565602834236e-05,7.923761385763563e-07,0.22690334723427313,3.5893759274499277e-14,7.923761385763563e-07,0.22690334723427313
0.023366354420094576,0.10176067606118364,1883.8489320163021,0.21587269269207227,9.503317777109122e-05,0.033362164088101,9.675608333816109e-05,4.716361284891812,103.95666542445097,112.75805843036943,1.0098119415202457e-07,6.764397920959717e-05,2.742075512537192,0.5869814980615861,11554.06631684043,13127714287.838062,8793823838319.5625,9.501725216019048,177.6222459059468,264.26132664496885,83.13782944998587,669.8670953302544,3.197876424754469e-06,1.07350243481867e-06,3.186668279081869e-06,8.801393005918461,0.0335267463311303,4.020838337613974e-06,344.62235621451384,0.9964951285864595,9.267896752855537e-18,-1.2064103108425972e-05,2.1325922656350608e-07,0.1440889695626324,3.5032649725793933e-15,2.1325922656350608e-07,0.1440889695626324
0.024852877710470976,0.10877255301021281,1884.3277002114485,0.21582233780583193,9.503317777109122e-05,0.0333628587680139,9.675587743453023e-05,4.717451646961223,103.95288409055694,112.75805843036933,8.611506481716334e-08,6.764412316096525e-05,2.7422566855674173,0.5870046644739595,11554.58343718748,11192482670.23357,8791791283322.036,9.5019277355466,190.82252825932028,287.55013330262125,87.67222653876289,785.5085902168803,3.197876424754468e-06,1.0735024348186702e-06,3.1868720451227762e-06,8.805174339812401,0.03352894575214,4.020164142439873e-06,344.6151728898307,0.9965588477593864,6.687044097673674e-19,-8.302009643152812e-06,4.886196779650227e-08,0.09830042483905725,2.527702668920649e-16,4.886196779650227e-08,0.09830042483905725
0.027178503670290195,0.1197446605742312,1884.6807116352552,0.21578473985283098,9.503317777109122e-05,0.033363295830144635,9.6755654254279e-05,4.718262722147927,103.94990189930748,112.75805843036962,7.08054405047055e-08,6.764427919145791e-05,2.7424530610386455,0.5870297747592007,11555.143937852503,9201068474.083143,8790279959902.787,9.502147238002133,208.39905993609037,318.8998929465463,93.58578848369989,955.3542596343638,3.1978764247544704e-06,1.0735024348186693e-06,3.187092908431339e-06,8.808156531062137,0.03353132972909245,4.019749590284284e-06,344.60738751517596,0.9966279133764483,2.0563440842035408e-20,-5.2321902788135685e-06,7.046846607457237e-09,0.06984777069091808,7.772980638289384e-18,7.046846607457237e-09,0.06984777069091808
0.03045536068653849,0.13520656353414437,1884.8615336997323,0.21576466714762188,9.503317777109122e-05,0.033363392992636236,9.675541806391627e-05,4.718690145547648,103.94804326645728,112.7580584303695,5.744207663894765e-08,6.764444431840542e-05,2.7426608850464946,0.5870563489384144,11555.737101837645,7463823570.069522,8789483727432.656,9.502379525131968,228.97247198331107,356.04035773388944,100.34591697698148,1177.6114004997555,3.197876424754469e-06,1.0735024348186691e-06,3.1873266467886333e-06,8.810015163912222,0.033533852690023375,4.019678091022376e-06,344.59914906453866,0.9967010051180446,3.418245739130104e-22,-3.1877193972477008e-06,7.37229877283674e-10,0.05537485212759304,1.2920968893911792e-19,7.37229877283674e-10,0.05537485212759304
0.03511703122304207,0.15720401737543327,1884.921329416461,0.2157566814312692,9.503317777109122e-05,0.03336321655997189,9.675513884662916e-05,4.718851179812264,103.94688249092108,112.75805843036963,4.6038946562786e-08,6.764463952765688e-05,2.7429065697737838,0.5870877643139262,11556.438308745965,5981919118.507703,8789183781675.258,9.502654113485079,252.95514998112859,399.8764713218871,108.03079979713138,1469.2916449642466,3.1978764247544666e-06,1.0735024348186685e-06,3.1876029653875454e-06,8.811175939448542,0.03353683527598136,4.019886824918256e-06,344.5894108268032,0.9967874120213176,2.6253947300279065e-24,-1.883497984074241e-06,5.179250105752486e-11,0.04778897911462495,9.923992079505487e-22,5.179250105752486e-11,0.04778897911462495
0.04041491151589991,0.1822040173754333,1884.9192354813804,0.21575499857439775,9.503317777109122e-05,0.03336291927139595,9.675485591376413e-05,4.71887418866572,103.94612830820218,112.75805843036949,3.808886269777019e-08,6.764483733573053e-05,2.743155525303667,0.5871195979221601,11557.148831142504,4948912515.276471,8789140929225.907,9.502932339632164,275.48891611048697,441.538036985553,115.08088356761233,1775.9741967746024,3.1978764247544687e-06,1.0735024348186693e-06,3.1878829609912255e-06,8.811930122167315,0.03353985756912789,4.020217734451496e-06,344.57954412365785,0.9968749687516256,2.3476060206833776e-26,-1.1987071427760547e-06,4.0522975846247996e-12,0.04349366845904969,8.873950758183167e-24,4.0522975846247996e-12,0.04349366845904969
0.045712790859963805,0.2072040173754333,1884.9024720594368,0.21575496592216722,9.503317777109122e-05,0.033362617511093165,9.675459543587915e-05,4.718862200503416,103.94553389188333,112.75805843036956,3.27837948677615e-08,6.764501944577995e-05,2.743384723753545,0.5871489052191576,11557.802949053455,4259620704.686754,8789163260764.903,9.50318846994529,294.73303309976353,477.4454427975415,120.98407540937698,2063.367578971153,3.197876424754468e-06,1.0735024348186697e-06,3.188140734730734e-06,8.812524538486228,0.03354264001346474,4.020550640580338e-06,344.5704614906252,0.9969555765379408,3.644151471310457e-28,-8.379245460811658e-07,4.345865113783022e-13,0.04034526982283804,1.3774892561553527e-25,4.345865113783022e-13,0.04034526982283804
0.05101068815631953,0.23220401737543334,1884.883744044972,0.21575525488324288,9.503317777109122e-05,0.033362330708968775,9.675435300424499e-05,4.718844058292885,103.9450017266106,112.75805843036949,2.8958423797268067e-08,6.76451889398864e-05,2.7435980441418577,0.5871761822098117,11558.411736892758,3762592685.9582677,8789197054623.296,9.503426842808937,311.6650715564252,509.26813182134293,126.09588112252396,2335.9416732573695,3.197876424754468e-06,1.0735024348186693e-06,3.1883806495662007e-06,8.813056703758884,0.03354522969985535,4.020866435560678e-06,344.56200897448616,0.9970305997106971,8.28017959281134e-30,-6.229563504167826e-07,5.786712283711901e-14,0.037645589284034206,3.1299078860826867e-27,5.786712283711901e-14,0.037645589284034206
0.05630860624174939,0.25720401737543336,1884.865540452091,0.2157555963017566,9.503317777109122e-05,0.03336206129963847,9.675412642881752e-05,4.718825542062536,103.94450910231909,112.75805843036957,2.605136819990449e-08,6.764534734902265e-05,2.7437974133067886,0.587201675276327,11558.980696660083,3384881830.7821965,8789231545216.762,9.503649614119164,326.86900682709984,538.013481961101,130.62497313813998,2596.613998541184,3.197876424754467e-06,1.0735024348186691e-06,3.188604872805814e-06,8.81354932805048,0.03354765001990638,4.0211629080930765e-06,344.55411004351294,0.9971007160034587,2.493892623164577e-31,-4.837595180106731e-07,9.034809010132512e-15,0.03523420839367328,9.426914115562101e-29,9.034809010132512e-15,0.03523420839367328
0.06160654471800084,0.2822040173754334,1884.8483069041492,0.2157559339532913,9.503317777109122e-05,0.033361808476602084,9.675391411415243e-05,4.718807803707037,103.94404868283056,112.75805843036952,2.375675015380896e-08,6.764549578848788e-05,2.743984234931561,0.5872255639057882,11559.513836726648,3086744511.1659403,8789264587047.727,9.503858354621865,340.7244421866123,564.341634571339,134.70505894049992,2847.4221158419755,3.1978764247544657e-06,1.0735024348186691e-06,3.1888149833308474e-06,8.814009747538966,0.033549918014180016,4.02144105289209e-06,344.5467089320746,0.9971664191442704,9.343987218352586e-33,-3.8804589331896435e-07,1.5948192519493375e-15,0.033054492087571295,3.5320271685372776e-30,1.5948192519493375e-15,0.033054492087571295
0.06690450257322475,0.3072040173754334,1884.8320666844188,0.21575625655056369,9.503317777109122e-05,0.033361570906760944,9.675371472636346e-05,4.7187910250371115,103.94361668670422,112.75805843036957,2.189278129941324e-08,6.76456351907411e-05,2.744159682582259,0.5872479981605078,11560.01450829081,2844560940.113867,8789295841453.065,9.504054377514294,353.49346601150484,588.7114482809228,138.42733542964658,3089.860272461321,3.1978764247544666e-06,1.073502434818669e-06,3.1890123011798373e-06,8.814441743665359,0.0335520479296413,4.021702367169166e-06,344.53975901954414,0.9972281219191065,4.170127163234902e-34,-3.191717486112393e-07,3.104846437578847e-16,0.031073930733017164,1.5763080677027927e-31,3.104846437578847e-16,0.031073930733017164
0.072202478736067,0.3322040173754334,1884.8167585409017,0.21575656261072215,9.503317777109122e-05,0.0333613472768049,9.675352710538323e-05,4.7187751819052695,103.9432103742296,112.7580584303696,2.034419006635806e-08,6.764576636673813e-05,2.7443247769044787,0.5872691085490631,11560.485625780559,2643353976.875816,8789325353385.266,9.504238824792335,365.3654176280638,611.4563296119181,141.85699192475167,3325.0655910160704,3.1978764247544683e-06,1.0735024348186697e-06,3.1891979743769974e-06,8.814848056140013,0.03355405215681715,4.021948308342087e-06,344.5332197658822,0.9972861833237697,2.148847727764246e-35,-2.678148805101068e-07,6.5495587834937e-17,0.02926804059999999,8.12264441094885e-33,6.5495587834937e-17,0.02926804059999999
0.07750047219115408,0.35720401737543345,1884.80230932123,0.21575685278920853,9.503317777109122e-05,0.03336113639341117,9.675335022935681e-05,4.7187602101382105,103.94282746152226,112.75805843036957,1.903411449037666e-08,6.76458900308214e-05,2.7444804169489347,0.5872890100318591,11560.929756321315,2473137035.1558275,8789353242352.605,9.504412702317197,376.48200103672633,632.8270619171242,145.0423626019041,3553.928924039102,3.197876424754467e-06,1.0735024348186693e-06,3.1893730141688235e-06,8.815230968847313,0.03355594161008577,4.022180196761418e-06,344.52705546628124,0.9973409195826418,1.2492147943717607e-36,-2.2840728714073918e-07,1.4774829044692867e-17,0.027616560189978743,4.7220319227252555e-34,1.4774829044692867e-17,0.027616560189978743
0.08279848199837843,0.38220401737543347,1884.7886494685754,0.2157571281491331,9.503317777109122e-05,0.033360937189916076,9.675318319275674e-05,4.718746042320326,103.94246595666833,112.75805843036952,1.7909202199234236e-08,6.76460068160176e-05,2.744627399424711,0.5873078044830116,11561.349174735931,2326978109.699556,8789379633906.333,9.504576901378426,386.95232037564625,653.0175961723679,148.02035132047035,3777.164725903313,3.1978764247544683e-06,1.0735024348186687e-06,3.18953831668208e-06,8.81559247370119,0.03355772596140908,4.0223992114717936e-06,344.52123448505785,0.9973926109212993,8.048800497425843e-38,-1.9744825825697568e-07,3.5286835540603096e-18,0.026102222810940042,3.0424465880269686e-35,3.5286835540603096e-18,0.026102222810940042
0.08809650729098505,0.4072040173754335,1884.775715818298,0.21575738976484798,9.503317777109122e-05,0.03336074871451951,9.675302518979574e-05,4.718732615654939,103.9421240957916,112.75805843036947,1.6931181588879155e-08,6.764611728563187e-05,2.7447664332915203,0.5873255825562449,11561.745905231779,2199904622.3781204,8789404644997.705,9.504732215038551,396.862358145181,672.1813922992065,150.81982105718794,3995.3571421183988,3.1978764247544657e-06,1.0735024348186697e-06,3.1896946793387873e-06,8.815934334577873,0.03355941381748115,4.0226064040545025e-06,344.51572867489267,0.9974415066996032,5.66810709069221e-39,-1.726426049173887e-07,8.85260450655893e-19,0.024710150462018538,2.1425444802816553e-36,8.85260450655893e-19,0.024710150462018538
0.09339454726943647,0.4322040173754335,1884.763451561186,0.21575763863569028,9.503317777109122e-05,0.033360570116299254,9.675287550089968e-05,4.718719873191012,103.94180030652416,112.75805843036943,1.6071835957926663e-08,6.764622194270348e-05,2.7448981516599216,0.5873424252065524,11562.121755396569,2088250416.0270274,8789428381692.53,9.504879351461792,406.28120644892414,690.4422112113442,153.46380442277214,4208.991562618596,3.197876424754468e-06,1.0735024348186704e-06,3.1898428142428567e-06,8.816258123845277,0.03356101286419552,4.022802714333806e-06,344.51051290324995,0.9974878295977999,4.314378136932451e-40,-1.524320434251564e-07,2.3182962328078765e-19,0.023427445837356366,1.6308349357604664e-37,2.3182962328078765e-19,0.023427445837356366
0.09869260119495028,0.45720401737543354,1884.7518056310148,0.21575787567336274,9.503317777109122e-05,0.0333604006324218,9.675273348140059e-05,4.718707763547634,103.94149318139169,112.75805843036942,1.5309873224238866e-08,6.764632123790902e-05,2.7450231217384937,0.5873584049621313,11562.478344613826,1989249040.2244728,8789450939683.848,9.505018945054356,415.2653090101904,707.9014917200357,155.97099758002273,4418.476903571622,3.1978764247544695e-06,1.0735024348186702e-06,3.1899833593696374e-06,8.81656524897772,0.03356252998740288,4.022988984614211e-06,344.5055646565859,0.9975317791155778,3.517919472342182e-41,-1.3572687033682566e-07,6.305240401077352e-20,0.022242877981779888,1.3297735605453447e-38,6.305240401077352e-20,0.022242877981779888
0.10399066838355728,0.48220401737543356,1884.7407320382933,0.21575810170649626,9.503317777109122e-05,0.033360239577056944,9.675259855198694e-05,4.718696240348436,103.94120145633973,112.7580584303694,1.462890337302192e-08,6.764641557623787e-05,2.7451418532352125,0.5873735869986535,11562.817128061486,1900770963.580825,8789472405345.002,9.505151565872596,423.8614353387737,724.643541855141,158.35680068590074,4624.1617605451465,3.1978764247544687e-06,1.0735024348186704e-06,3.190116888016525e-06,8.816856974029674,0.03356397137490278,4.023165971989002e-06,344.50086370611973,0.9975735345273424,3.0506144376725604e-42,-1.2174550416831038e-07,1.7735374375275883e-20,0.02114662828807643,1.1531322574402278e-39,1.7735374375275883e-20,0.02114662828807643
0.10928874820080796,0.5072040173754335,1884.7301892641171,0.2157583174885924,9.503317777109122e-05,0.033360086331878744,9.675247019058807e-05,4.718685261652021,103.94092399275483,112.75805843036949,1.4016090002376311e-08,6.764650532266518e-05,2.745254805497231,0.5873880300522211,11563.139417106031,1821148370.7605288,8789492856790.2,9.50527772761766,432.1088192520693,740.7392842902038,160.63406140107045,4826.3463855609,3.197876424754468e-06,1.073502434818671e-06,3.1902439168343533e-06,8.817134437614651,0.033565342603119885,4.023334358876287e-06,344.4963918238464,0.9976132573936937,2.798672349230132e-43,-1.0991490896500861e-07,5.142105032598655e-21,0.02013008153342738,1.0578981480089899e-40,5.142105032598655e-21,0.02013008153342738
0.11458684005708808,0.5322040173754335,1884.7201397309518,0.21575852370597987,9.503317777109122e-05,0.03335994033792987,9.675234792544376e-05,4.718674789439929,103.94065976219034,112.75805843036947,1.3461226584579591e-08,6.764659080699618e-05,2.745362393607908,0.5874017871989828,11563.446396717327,1749055142.3129048,8789512364827.987,9.505397894461925,440.0407305072794,756.2490175439672,162.81361818370743,5025.29174306361,3.1978764247544695e-06,1.0735024348186702e-06,3.190364912685743e-06,8.817398668179132,0.03356664871112116,4.023494762038185e-06,344.49213254006423,0.9976510937060831,2.7093197075344725e-44,-9.980678944264731e-08,1.5328972170447797e-21,0.019185652438287785,1.0241228494480307e-41,1.5328972170447797e-21,0.019185652438287785
0.11988494340347226,0.5572040173754336,1884.7105493448475,0.21575872098502547,9.503317777109122e-05,0.033359801088634906,9.67522313291609e-05,4.7186647891690265,103.94040783329514,112.75805843036959,1.2956088506113993e-08,6.764667232802085e-05,2.745464993615685,0.5874149065237474,11563.739140403299,1683422666.0941896,8789530993794.753,9.505512486902925,447.68565210773085,771.2244904018286,164.90470509757378,5221.226475575426,3.1978764247544725e-06,1.0735024348186702e-06,3.1904802985268694e-06,8.817650597074447,0.033567894264093935,4.023647740323045e-06,344.4880709354626,0.9976871757260867,2.7748963197884895e-45,-9.109554867024907e-08,4.691243371268914e-22,0.018306640843712606,1.048910808880049e-42,4.691243371268914e-22,0.018306640843712606
0.12518305772804647,0.5822040173754336,1884.701387099571,0.21575890989850682,9.503317777109122e-05,0.03335966812377973,9.67521200135959e-05,4.718655229382523,103.94016736056969,112.75805843036947,1.2493968967703098e-08,6.764675015709117e-05,2.745562947036297,0.5874274316956714,11564.018623068563,1623379537.387503,8789548802279.073,9.505621886803304,455.0681772208312,785.7104865692061,166.91525866665933,5414.352343275222,3.1978764247544734e-06,1.0735024348186708e-06,3.1905904584717765e-06,8.81789106979979,0.03356908340800221,4.023793801334782e-06,344.4841934621286,0.9977216235690535,3.0992902612626296e-46,-8.3529895286494e-08,1.484152610447583e-22,0.017487110183085897,1.171531718757274e-43,1.484152610447583e-22,0.017487110183085897
0.13048118255263777,0.6072040173754336,1884.6926247335125,0.21575909097121126,9.503317777109122e-05,0.03335954102430529,9.675201362543205e-05,4.718646081371804,103.93993757465739,112.75805843036945,1.2069340355097044e-08,6.764682454121266e-05,2.7456565647438147,0.5874394024658036,11564.285732127233,1568207561.2749832,8789565843751.435,9.505726441746319,462.2097028081918,799.746053264015,168.85215406201547,5604.848529492708,3.1978764247544717e-06,1.0735024348186708e-06,3.1906957421691976e-06,8.818120855712053,0.03357021991682349,4.023933407198604e-06,344.4804877888771,0.9977545465727713,3.962987477527441e-47,-7.691324526520989e-08,4.84094625408956e-23,0.016721785042085036,1.4980092665053726e-44,4.84094625408956e-23,0.016721785042085036
0.13577931742989868,0.6322040173754336,1884.684236431426,0.21575926468485393,9.503317777109122e-05,0.03335941940778942,9.675191184234367e-05,4.718637318881777,103.93971777392713,112.75805843036942,1.167760303046091e-08,6.764689570572603e-05,2.7457461303454567,0.5874508550986163,11564.541277141012,1517309113.4539025,8789582167112.984,9.505826468813147,469.1289732905726,813.3654664730376,170.72138939957318,5792.875089970928,3.197876424754472e-06,1.0735024348186702e-06,3.1907964685986697e-06,8.818340656442292,0.033571307233518685,4.02406697956295e-06,344.4769426671177,0.9977860444845394,6.661858080516338e-48,-7.108992741847e-08,1.6042696690309978e-23,0.0160059644450377,2.518182354435176e-45,1.6042696690309978e-23,0.0160059644450377
0.14107746194070098,0.6572040173754337,1884.6761985643443,0.21575943148240626,9.503317777109122e-05,0.03335930292451323,9.675181436965766e-05,4.718628917853372,103.93950731715299,112.75805843036933,1.1314896176928274e-08,6.764696385664045e-05,2.7458319031185536,0.5874618227475534,11564.78599820659,1470182563.5375893,8789597817174.982,9.505922257869955,475.8425118503223,826.5989984285285,172.52823133075867,5978.575746419708,3.1978764247544717e-06,1.0735024348186697e-06,3.19089292937411e-06,8.818551113216344,0.03357234850568648,4.0241949039534035e-06,344.4735478141408,0.9978162084942223,2.0429552721311506e-48,-6.593530194990462e-08,5.9624154705573804e-24,0.015335448160752345,7.72237092865575e-46,5.9624154705573804e-24,0.015335448160752345
0.1463756156917997,0.6822040173754337,1884.668489462074,0.21575959177191423,9.503317777109122e-05,0.03335919125402505,9.675172093743918e-05,4.718620856197888,103.93930561712634,112.75805843036937,1.0977953434664654e-08,6.764702918267135e-05,2.7459141205747324,0.5874723357829058,11565.020573278234,1426403518.056439,8789612835079.089,9.506014074437491,482.3649663563095,839.4735344640011,174.27733134452652,6162.080171433864,3.1978764247544725e-06,1.0735024348186697e-06,3.190985391628075e-06,8.818752813243039,0.033573346616692284,4.024317533574725e-06,344.47029381122934,0.9978451221361783,1.052352988867552e-48,-6.134856877375735e-08,3.0071767528301955e-24,0.014706473835588244,3.9778942979193464e-46,3.0071767528301955e-24,0.014706473835588244
0.1516737783137352,0.7072040173754337,1884.6610892136048,0.21575974592987393,9.503317777109122e-05,0.033359084102130045,9.675163129793909e-05,4.718613113598676,103.93911213506333,112.7580584303693,1.0663991363475704e-08,6.764709185702418e-05,2.7459930007054942,0.5874824220789536,11565.245624580371,1385610328.5666788,8789627258666.631,9.506102162204016,488.70938958529376,852.0130737095641,175.97281961932865,6343.505874237321,3.1978764247544712e-06,1.0735024348186702e-06,3.1910741005376134e-06,8.818946295305981,0.03357430421292928,4.024435192641065e-06,344.46717201444375,0.9978728620791142,6.562549030771116e-49,-5.724745737793624e-08,1.961259995333664e-24,0.01411566316917258,2.480643533631482e-46,1.961259995333664e-24,0.01411566316917258
0.15697194945894424,0.7322040173754337,1884.6539794915086,0.21575989430422446,9.503317777109122e-05,0.03335898119824515,9.675154522335246e-05,4.718605671336348,103.93892637569657,112.75805843036935,1.0370622298182796e-08,6.76471520389619e-05,2.74606874395457,0.5874921072661665,11565.461724239749,1347492769.0773494,8789641122804.155,9.506186745232306,494.8874682908746,864.2391391690581,177.61838146304456,6522.959769812025,3.1978764247544712e-06,1.0735024348186693e-06,3.1911592815428025e-06,8.819132054672778,0.033575223727762636,4.024548179301531e-06,344.4641744762676,0.9978994988198369,4.443528819000988e-49,-5.356425399729944e-08,1.558377571585738e-24,0.013559975673044419,1.6796538935823735e-46,1.558377571585738e-24,0.013559975673044419
0.16227012880005498,0.7572040173754337,1884.6471433970164,0.2157600372170054,9.503317777109122e-05,0.033358882293068125,9.67514625038437e-05,4.718598512134339,103.93874788295226,112.75805843036935,1.0095785560447945e-08,6.764720987518515e-05,2.7461415349551563,0.5875014149533425,11565.66939924612,1311783098.5047793,8789654459671.013,9.50626802990347,500.9097120241865,876.1711163586393,179.21732010208595,6700.539494440657,3.1978764247544712e-06,1.0735024348186691e-06,3.1912411423007835e-06,8.819310547417096,0.033576107402619355,4.024656768217402e-06,344.46129387660505,0.9979250972942956,3.1621578684730624e-49,-5.024279322321811e-08,1.2438447097262513e-24,0.013036668812839129,1.1952956742828175e-46,1.2438447097262513e-24,0.013036668812839129
0.16756831602834615,0.7822040173754338,1884.640565322988,0.21576017496672473,9.503317777109122e-05,0.03335878715651849,9.675138294580294e-05,4.71859162002208,103.93857623613508,112.7580584303693,9.837692645767513e-09,6.764726550105134e-05,2.7462115440641743,0.5875103669237918,11565.869135833182,1278248938.9007332,8789667299014.186,9.506346206633534,506.78560997626215,887.8265350812513,180.7726086620507,6876.334516321299,3.1978764247544717e-06,1.07350243481867e-06,3.1913198744115023e-06,8.819482194234228,0.03357695730561398,4.024761212838622e-06,344.4585234618444,0.9979497174172338,2.036980984813312e-49,-4.723615449785557e-08,1.001248239479231e-24,0.012543263544318388,7.699788122594319e-47,1.001248239479231e-24,0.012543263544318388
0.17138301555218555,0.8002040173754338,1884.6359807281501,0.21576027110589943,9.503317777109122e-05,0.03335872087169983,9.675132752060685e-05,4.718586814738895,103.9384566700411,112.75805843036926,9.661349630407203e-09,6.764730425362511e-05,2.7462603169345257,0.5875166034450133,11566.008284325095,1255336577.4760861,8789676250816.943,9.506400668760737,510.93049892355015,896.0561812965279,181.86690661313455,7001.848276012959,3.1978764247544717e-06,1.07350243481867e-06,3.191374724212121e-06,8.81960176032816,0.03357754940297316,4.02483397903179e-06,344.45659346721027,0.9979668693622541,1.651629852047439e-49,-4.52439099953887e-08,8.52660780759372e-25,0.012205257807916824,6.243160840739319e-47,8.52660780759372e-25,0.012205257807916824
