t[s],lambda[m],N_agg[mol/kg],N_agg[#/m3],N_pri[mol/kg],N_pri[#/m3],n_p,d_p[nm],d_m[nm],d_g[nm]
0.0,5.644048270006936e-07,3.5452598546844106e-05,2.62605662670946e+18,3.5452598546844106e-05,2.62605662670946e+18,1.0,1.9999369869583437,1.9999369869583437,1.550338749580111
3.1281771649349314e-09,5.644047899090755e-07,3.54522793980749e-05,2.626032986616078e+18,3.5452598546844106e-05,2.62605662670946e+18,1.0000090022073227,1.9999369869583437,1.9999450886696122,1.5503450299764434
1.4992944358120044e-08,5.644046794436544e-07,3.545106895028063e-05,2.625943325925981e+18,3.5452598546844106e-05,2.62605662670946e+18,1.0000431466979351,1.9999369869583437,1.9999758173022926,1.5503688506219322
1.5290581383230316e-08,5.644046766438568e-07,3.545103858609505e-05,2.625941076779966e+18,3.5452598546844106e-05,2.62605662670946e+18,1.0000440032453568,1.9999369869583437,1.9999765881522096,1.5503694481800074
1.534989876067919e-08,5.644046760857207e-07,3.5451032534689396e-05,2.6259406285382415e+18,3.5452598546844106e-05,2.62605662670946e+18,1.0000441739504533,1.9999369869583437,1.999976741778231,1.5503695672699465
1.542057478487359e-08,5.644046754206141e-07,3.545102532450609e-05,2.6259400944631547e+18,3.5452598546844106e-05,2.62605662670946e+18,1.0000443773437753,1.9999369869583437,1.9999769248219958,1.550369709164338
1.7428532344193965e-08,5.644046564904828e-07,3.545082047890315e-05,2.6259249210717783e+18,3.5452598546844106e-05,2.62605662670946e+18,1.0000501559037827,1.9999369869583437,1.999982125226955,1.5503737404860116
2.3378821789994387e-08,5.644046000042028e-07,3.545021345994878e-05,2.6258799577626557e+18,3.5452598546844106e-05,2.62605662670946e+18,1.0000672799022217,1.9999369869583437,1.9999975358423077,1.5503856866994632
3.458931558812572e-08,5.644044919728032e-07,3.544906986627116e-05,2.6257952491128397e+18,3.5452598546844106e-05,2.62605662670946e+18,1.0000995422612289,1.9999369869583437,2.000026569718652,1.5504081935803502
5.468739033561917e-08,5.644042929854498e-07,3.5447019789340645e-05,2.625643395135153e+18,3.5452598546844106e-05,2.62605662670946e+18,1.0001573829770913,1.9999369869583437,2.00007862104526,1.5504485434459376
7.855584038128219e-08,5.644040480915758e-07,3.544458536677963e-05,2.6254630717805727e+18,3.5452598546844106e-05,2.62605662670946e+18,1.0002260762816537,1.9999369869583437,2.0001404365532736,1.550496462444398
1.1101356474293065e-07,5.64403701619754e-07,3.5441275324776244e-05,2.625217889252522e+18,3.5452598546844106e-05,2.62605662670946e+18,1.0003194925116012,1.9999369869583437,2.000224495900585,1.5505616247291356
1.5378433105010886e-07,5.644032257019339e-07,3.543691431292327e-05,2.624894858937536e+18,3.5452598546844106e-05,2.62605662670946e+18,1.0004425959264494,1.9999369869583437,2.0003352622715065,1.5506474901329508
2.0135312043617162e-07,5.644026770886641e-07,3.543206509129321e-05,2.6245356657861745e+18,3.5452598546844106e-05,2.62605662670946e+18,1.0005795161952313,1.9999369869583437,2.000458452008705,1.55074298605326
2.554587083085739e-07,5.644020352975825e-07,3.5426550790749e-05,2.624127208689111e+18,3.5452598546844106e-05,2.62605662670946e+18,1.0007352608570041,1.9999369869583437,2.000598567135095,1.5508516024303063
3.215289257375745e-07,5.644012320463126e-07,3.541981894825584e-05,2.6236285654213755e+18,3.5452598546844106e-05,2.62605662670946e+18,1.0009254592361454,1.9999369869583437,2.000769662159135,1.5509842342318876
4.0034762542989444e-07,5.644002494009272e-07,3.54117908497608e-05,2.623033905449556e+18,3.5452598546844106e-05,2.62605662670946e+18,1.0011523759771552,1.9999369869583437,2.0009737641943843,1.551142452863864
4.915961816967715e-07,5.643990787385333e-07,3.540250034078524e-05,2.622345735790327e+18,3.5452598546844106e-05,2.62605662670946e+18,1.0014151036106664,1.9999369869583437,2.0012100448358354,1.55132561615181
5.984358087055025e-07,5.643976594654005e-07,3.5391627375967726e-05,2.621540349937629e+18,3.5452598546844106e-05,2.62605662670946e+18,1.001722756917298,1.9999369869583437,2.0014866854567472,1.5515400662455405
7.320898787309863e-07,5.643958021214211e-07,3.537803305227111e-05,2.620533386688321e+18,3.5452598546844106e-05,2.62605662670946e+18,1.00210767779155,1.9999369869583437,2.0018327389653336,1.5518083247793284
9.340026652000194e-07,5.643928012754589e-07,3.535751178520347e-05,2.6190133285944064e+18,3.5452598546844106e-05,2.62605662670946e+18,1.0026892944904688,1.9999369869583437,2.002355488286237,1.5522135568110365
1.2951562233742679e-06,5.643867533295994e-07,3.532085365890811e-05,2.6162979757168594e+18,3.5452598546844106e-05,2.62605662670946e+18,1.0037299463146687,1.9999369869583437,2.003290396260392,1.5529382916747223
1.7601145984531047e-06,5.643774588178426e-07,3.5273748509711236e-05,2.6128087874973517e+18,3.5452598546844106e-05,2.62605662670946e+18,1.0050703439438433,1.9999369869583437,2.0044938067226523,1.553871168002056
2.2980314538350224e-06,5.643642737162826e-07,3.5219377192679735e-05,2.608781377286367e+18,3.5452598546844106e-05,2.62605662670946e+18,1.0066219613393064,1.9999369869583437,2.005885748741707,1.5549501928230283
2.9299112471805026e-06,5.643451311729871e-07,3.515567941467368e-05,2.6040631343677716e+18,3.5452598546844106e-05,2.62605662670946e+18,1.0084458368352993,1.9999369869583437,2.0075204230925525,1.5562173822422887
3.755870406474887e-06,5.64313925507883e-07,3.507269464638758e-05,2.5979162591144463e+18,3.5452598546844106e-05,2.62605662670946e+18,1.0108318994102627,1.9999369869583437,2.009656512406992,1.5578732654317768
4.638747977337651e-06,5.642730366692982e-07,3.498433726638536e-05,2.591371421985881e+18,3.5452598546844106e-05,2.62605662670946e+18,1.0133848835521224,1.9999369869583437,2.011938967162085,1.5596426102031666
5.607003165552982e-06,5.642201174847463e-07,3.488784418106945e-05,2.58422395419757e+18,3.5452598546844106e-05,2.62605662670946e+18,1.0161877117669855,1.9999369869583437,2.014441152054221,1.5615822884141248
6.5752583537683135e-06,5.641600485301199e-07,3.4791776224554915e-05,2.5771079766907003e+18,3.5452598546844106e-05,2.62605662670946e+18,1.0189936356805722,1.9999369869583437,2.016942301367082,1.5635211638504516
7.675714855129257e-06,5.640847993625974e-07,3.468310446727329e-05,2.569058406277166e+18,3.5452598546844106e-05,2.62605662670946e+18,1.0221864245254315,1.9999369869583437,2.019783692021422,1.5657237922646678
8.776171356490202e-06,5.640036354340152e-07,3.4574974790173214e-05,2.561048989006457e+18,3.5452598546844106e-05,2.62605662670946e+18,1.0253832074208866,1.9999369869583437,2.022623750896041,1.5679253882915047
9.876627857851147e-06,5.639175294171786e-07,3.4467383482165816e-05,2.553079449989568e+18,3.5452598546844106e-05,2.62605662670946e+18,1.0285839818734155,1.9999369869583437,2.0254624811061728,1.5701259543458705
1.0853049877631504e-05,5.638372847768889e-07,3.437236679161742e-05,2.546041342203677e+18,3.5452598546844106e-05,2.62605662670946e+18,1.031427331198215,1.9999369869583437,2.027980142829805,1.5720776301006243
1.1812720177560983e-05,5.63754805903376e-07,3.427938793948663e-05,2.5391541818602885e+18,3.5452598546844106e-05,2.62605662670946e+18,1.0342249578501386,1.9999369869583437,2.030453596176932,1.573995035796071
1.2871297379294733e-05,5.636592872948097e-07,3.417729228619248e-05,2.5315917188002934e+18,3.5452598546844106e-05,2.62605662670946e+18,1.037314432342168,1.9999369869583437,2.033180807661884,1.5761091532262663
1.3929874581028483e-05,5.635583868167039e-07,3.407568228576727e-05,2.5240652291805266e+18,3.5452598546844106e-05,2.62605662670946e+18,1.04040759182838,1.9999369869583437,2.0359068003075524,1.578222325819808
1.4988451782762233e-05,5.634513335267849e-07,3.397455476737868e-05,2.5165744781300465e+18,3.5452598546844106e-05,2.62605662670946e+18,1.0435044341150455,1.9999369869583437,2.038631576832683,1.5803345556842503
1.615018415588789e-05,5.633257622408535e-07,3.386412423740011e-05,2.5083946313225385e+18,3.5452598546844106e-05,2.62605662670946e+18,1.0469072903910994,1.9999369869583437,2.0416204782146643,1.5826515334997397
1.733770532186152e-05,5.631874832378989e-07,3.375183469348784e-05,2.500077083018953e+18,3.5452598546844106e-05,2.62605662670946e+18,1.0503902637827394,1.9999369869583437,2.0446742221877683,1.5850187768897428
1.8525226487835153e-05,5.630379309597063e-07,3.364013970930524e-05,2.49180357514067e+18,3.5452598546844106e-05,2.62605662670946e+18,1.053877862969681,1.9999369869583437,2.0477264466494605,1.5873848423639227
1.9712747653808784e-05,5.628758635884705e-07,3.35290349647623e-05,2.4835737876885504e+18,3.5452598546844106e-05,2.62605662670946e+18,1.0573700848862306,1.9999369869583437,2.050777155372699,1.5897497328470531
2.0900268819782416e-05,5.627000658997927e-07,3.341851617964079e-05,2.4753874036168515e+18,3.5452598546844106e-05,2.62605662670946e+18,1.060866926474806,1.9999369869583437,2.053826352113613,1.5921134512508628
2.275198519348698e-05,5.623957716359698e-07,3.324734206449498e-05,2.4627081378415703e+18,3.5452598546844106e-05,2.62605662670946e+18,1.066328805414618,1.9999369869583437,2.058577993992889,1.595796894568131
2.5104249851849278e-05,5.619503522175315e-07,3.303191154557846e-05,2.4467506970619146e+18,3.5452598546844106e-05,2.62605662670946e+18,1.0732832854049486,1.9999369869583437,2.064608813954744,1.6004719488021268
2.7581651581376008e-05,5.614020129758934e-07,3.280742531721009e-05,2.43012247877115e+18,3.5452598546844106e-05,2.62605662670946e+18,1.080627272760914,1.9999369869583437,2.0709541225134833,1.605390792646111
3.0317214653962714e-05,5.606927787293041e-07,3.2562368978307005e-05,2.4119705844369925e+18,3.5452598546844106e-05,2.62605662670946e+18,1.0887598064644057,1.9999369869583437,2.077953133667793,1.6108163826882118
3.305277772654942e-05,5.59866259096215e-07,3.232022830153533e-05,2.394034659994332e+18,3.5452598546844106e-05,2.62605662670946e+18,1.0969167116050345,1.9999369869583437,2.084944295533164,1.6162358880102043
3.578834079913613e-05,5.58915825059039e-07,3.208095579961627e-05,2.3763111879497185e+18,3.5452598546844106e-05,2.62605662670946e+18,1.1050979518281112,1.9999369869583437,2.091927651927478,1.62164934257944
3.865611560746426e-05,5.577813417784672e-07,3.183314781630347e-05,2.357955472899093e+18,3.5452598546844106e-05,2.62605662670946e+18,1.113700685569239,1.9999369869583437,2.0992401858379,1.627317973517752
4.015640101309815e-05,5.571303525164658e-07,3.170472417793908e-05,2.3484428346052506e+18,3.5452598546844106e-05,2.62605662670946e+18,1.118211858518955,1.9999369869583437,2.103062378796307,1.630280913795587
4.0687814183058625e-05,5.568902148501918e-07,3.1659434202677946e-05,2.345088100550965e+18,3.5452598546844106e-05,2.62605662670946e+18,1.1198115013642698,1.9999369869583437,2.1044156749415035,1.6313299805748087
4.1540216420453334e-05,5.564945609659531e-07,3.158700362499591e-05,2.339722998801174e+18,3.5452598546844106e-05,2.62605662670946e+18,1.1223792850927214,1.9999369869583437,2.1065857958792913,1.6330122448676676
4.302072873390005e-05,5.557766757035977e-07,3.146182961245173e-05,2.330451067867843e+18,3.5452598546844106e-05,2.62605662670946e+18,1.126844782504732,1.9999369869583437,2.110353245138572,1.6359327481694355
4.529936209809326e-05,5.54595753643503e-07,3.127072092903192e-05,2.3162952021460905e+18,3.5452598546844106e-05,2.62605662670946e+18,1.1337314105198548,1.9999369869583437,2.116147291809398,1.6404242572165877
4.711865300966598e-05,5.535870766848897e-07,3.111946705686067e-05,2.3050914752089536e+18,3.5452598546844106e-05,2.62605662670946e+18,1.139241828340635,1.9999369869583437,2.120769540828504,1.6440073959910884
4.757850326636284e-05,5.53322943114483e-07,3.10814208901586e-05,2.3022733069424768e+18,3.5452598546844106e-05,2.62605662670946e+18,1.1406363522482836,1.9999369869583437,2.1219373446922023,1.6449126703040327
4.834058086798381e-05,5.528771219288494e-07,3.1018533295083515e-05,2.2976150761623964e+18,3.5452598546844106e-05,2.62605662670946e+18,1.142948901212663,1.9999369869583437,2.123872192668516,1.6464125524562137
4.952733381479982e-05,5.52162919659016e-07,3.092100550792059e-05,2.290390965596027e+18,3.5452598546844106e-05,2.62605662670946e+18,1.1465538705642262,1.9999369869583437,2.126884084759348,1.648747352526626
5.128044136234577e-05,5.510640650883693e-07,3.077782953886673e-05,2.2797855877751985e+18,3.5452598546844106e-05,2.62605662670946e+18,1.1518875462635858,1.9999369869583437,2.1313307442156235,1.6521943753609483
5.243338529689588e-05,5.503134571717457e-07,3.068424607894869e-05,2.272853642723457e+18,3.5452598546844106e-05,2.62605662670946e+18,1.1554006722416037,1.9999369869583437,2.134253437042342,1.6544600287149935
5.269953892882382e-05,5.50137087358736e-07,3.066270729352118e-05,2.271258214672437e+18,3.5452598546844106e-05,2.62605662670946e+18,1.1562122746524406,1.9999369869583437,2.1349279423084977,1.6549829010143395
5.346364258126559e-05,5.496243854369037e-07,3.060100556614682e-05,2.2666878238776197e+18,3.5452598546844106e-05,2.62605662670946e+18,1.1585435802170008,1.9999369869583437,2.136863993032065,1.6564837155287326
5.4867300244302654e-05,5.486583991328698e-07,3.0488175948991176e-05,2.2583302710897987e+18,3.5452598546844106e-05,2.62605662670946e+18,1.1628310793718442,1.9999369869583437,2.140418993809532,1.6592395300849085
5.577814564962565e-05,5.480152387005328e-07,3.0415315507833685e-05,2.2529333283502195e+18,3.5452598546844106e-05,2.62605662670946e+18,1.1656166623592326,1.9999369869583437,2.142724811362899,1.661026985552635
5.607783583997629e-05,5.478008797225871e-07,3.0391403555014578e-05,2.251162114257825e+18,3.5452598546844106e-05,2.62605662670946e+18,1.166533769415017,1.9999369869583437,2.143483300315592,1.6616149614849551
5.700642497174521e-05,5.471282465080892e-07,3.0317503109032907e-05,2.2456881359363057e+18,3.5452598546844106e-05,2.62605662670946e+18,1.1693772544309966,1.9999369869583437,2.145832908229359,1.6634363629684952
5.862810054033472e-05,5.459239192512045e-07,3.018913194741072e-05,2.2361793847170993e+18,3.5452598546844106e-05,2.62605662670946e+18,1.174349716600077,1.9999369869583437,2.1499341769837166,1.6666156410726485
6.068045320573011e-05,5.443488325600583e-07,3.0027911187397377e-05,2.2242373871612145e+18,3.5452598546844106e-05,2.62605662670946e+18,1.1806548356158537,1.9999369869583437,2.15512090639601,1.6706363615472946
6.189369523143428e-05,5.433929236148737e-07,2.9933252858237708e-05,2.2172258240388513e+18,3.5452598546844106e-05,2.62605662670946e+18,1.1843884363235004,1.9999369869583437,2.158185069278964,1.6730116816115999
6.226376242712572e-05,5.430979161109212e-07,2.9904474850883932e-05,2.2150941699426074e+18,3.5452598546844106e-05,2.62605662670946e+18,1.1855282101968154,1.9999369869583437,2.159119421981803,1.6737359860324055
6.33315105854828e-05,5.422382240920303e-07,2.982168984057361e-05,2.2089620912282537e+18,3.5452598546844106e-05,2.62605662670946e+18,1.1888192364810064,1.9999369869583437,2.161814537868269,1.675825223153697
6.4947791321813e-05,5.409144985178321e-07,2.9697071563339643e-05,2.1997313249049623e+18,3.5452598546844106e-05,2.62605662670946e+18,1.1938078968907335,1.9999369869583437,2.1658920821856418,1.6789861102214276
6.681544077144738e-05,5.393552954919962e-07,2.9554106852762504e-05,2.1891415954920215e+18,3.5452598546844106e-05,2.62605662670946e+18,1.1995828100462544,1.9999369869583437,2.1706005939552595,1.6826361193451624
6.901868528123545e-05,5.37482481232535e-07,2.9386863842002907e-05,2.1767535157833997e+18,3.5452598546844106e-05,2.62605662670946e+18,1.2064097325067873,1.9999369869583437,2.1761507978577495,1.6869386029905036
7.122192979102353e-05,5.355829578225997e-07,2.9221129958102937e-05,2.16447722061957e+18,3.5452598546844106e-05,2.62605662670946e+18,1.2132521431469558,1.9999369869583437,2.181696287220398,1.691237431953797
7.34251743008116e-05,5.336674060217613e-07,2.9056886539892073e-05,2.152311327724127e+18,3.5452598546844106e-05,2.62605662670946e+18,1.220110024457417,1.9999369869583437,2.187237081998975,1.6955326217046316
7.562841881059967e-05,5.317471158089864e-07,2.8894115218902874e-05,2.1402544765018632e+18,3.5452598546844106e-05,2.62605662670946e+18,1.2269833590076706,1.9999369869583437,2.1927732019976607,1.6998241875950855
7.724234960698879e-05,5.303442488794021e-07,2.8775804892705012e-05,2.131490954817845e+18,3.5452598546844106e-05,2.62605662670946e+18,1.2320280415798808,1.9999369869583437,2.1968255910125967,1.7029655744283694
7.735765892492071e-05,5.302442894515042e-07,2.876738173947463e-05,2.1308670322207693e+18,3.5452598546844106e-05,2.62605662670946e+18,1.2323887821252781,1.9999369869583437,2.1971150236432297,1.7031899408087052
7.7713182410013e-05,5.299363863604935e-07,2.8741436159146006e-05,2.1289451825976512e+18,3.5452598546844106e-05,2.62605662670946e+18,1.2335012888895776,1.9999369869583437,2.198007326852567,1.70388164872292
7.879872919815378e-05,5.289994530052399e-07,2.866244580740723e-05,2.1230941830903616e+18,3.5452598546844106e-05,2.62605662670946e+18,1.2369006743200575,1.9999369869583437,2.200731117072809,1.7059931140099294
8.078128278740017e-05,5.273048423722157e-07,2.8519077799832687e-05,2.1124745805285975e+18,3.5452598546844106e-05,2.62605662670946e+18,1.2431186869251465,1.9999369869583437,2.205702726702027,1.7098470749628116
8.323101243507724e-05,5.252521690821666e-07,2.834350474456658e-05,2.0994694750031457e+18,3.5452598546844106e-05,2.62605662670946e+18,1.2508191512074853,1.9999369869583437,2.21184071038211,1.714605201846597
8.504095914889503e-05,5.23774395133372e-07,2.821489329215446e-05,2.0899429248849277e+18,3.5452598546844106e-05,2.62605662670946e+18,1.2565207381699433,1.9999369869583437,2.2163720240914744,1.718117848132926
8.608047791356689e-05,5.229436709427687e-07,2.8141448611806147e-05,2.0845027061864195e+18,3.5452598546844106e-05,2.62605662670946e+18,1.2598000563471605,1.9999369869583437,2.2189731278775753,1.720134207657035
8.64404075566429e-05,5.226594169518539e-07,2.8116089924565793e-05,2.0826243291026015e+18,3.5452598546844106e-05,2.62605662670946e+18,1.2609363052245826,1.9999369869583437,2.219873513847469,1.7208321812771075
8.750978058980093e-05,5.218258761068244e-07,2.8040962996113535e-05,2.0770595023651287e+18,3.5452598546844106e-05,2.62605662670946e+18,1.2643145869048014,1.9999369869583437,2.2225478980547413,1.7229053473292568
8.94111154112564e-05,5.203880908522161e-07,2.7908178783334126e-05,2.0672238661583488e+18,3.5452598546844106e-05,2.62605662670946e+18,1.270330064246803,1.9999369869583437,2.227300280378799,1.726589364634728
9.210858324485963e-05,5.18458526992126e-07,2.772151348577129e-05,2.0533971323861012e+18,3.5452598546844106e-05,2.62605662670946e+18,1.2788839456778207,1.9999369869583437,2.2340368031383044,1.7318114753010112
9.533058205904298e-05,5.163491215294194e-07,2.750115566792402e-05,2.037074715087396e+18,3.5452598546844106e-05,2.62605662670946e+18,1.2891312268812853,1.9999369869583437,2.2420744012739546,1.7380421715301975
9.576934420694082e-05,5.160799229980761e-07,2.7471364868575625e-05,2.0348680411269402e+18,3.5452598546844106e-05,2.62605662670946e+18,1.2905292007314197,1.9999369869583437,2.24316819390142,1.7388900727917984
9.667362018617782e-05,5.155395258751351e-07,2.741012952542776e-05,2.030332196499083e+18,3.5452598546844106e-05,2.62605662670946e+18,1.2934122954054459,1.9999369869583437,2.245421908056155,1.7406371380280272
9.823884261043319e-05,5.14651336091603e-07,2.7304651387093002e-05,2.0225191848863808e+18,3.5452598546844106e-05,2.62605662670946e+18,1.2984087598936591,1.9999369869583437,2.2493211088531417,1.743659774304761
0.00010025882620283485,5.135966754412686e-07,2.7169484411230323e-05,2.0125070518629732e+18,3.5452598546844106e-05,2.62605662670946e+18,1.3048682856929745,1.9999369869583437,2.254349859794118,1.7475580308481533
0.00010258688298806031,5.125131388441309e-07,2.7015026051127806e-05,2.0010659610339907e+18,3.5452598546844106e-05,2.62605662670946e+18,1.3123288676363891,1.9999369869583437,2.260140925444974,1.7520472290271116
0.00010483362126397512,5.116030429184993e-07,2.68672907476155e-05,1.9901228626804298e+18,3.5452598546844106e-05,2.62605662670946e+18,1.319544976822442,1.9999369869583437,2.265725024274618,1.7563759878097813
0.00010641714748441785,5.110407269586323e-07,2.6763940239540727e-05,1.982467449601331e+18,3.5452598546844106e-05,2.62605662670946e+18,1.3246404763102428,1.9999369869583437,2.2696580045082952,1.7594248096963527
0.0001080913862781728,5.10515238983392e-07,2.665535937112827e-05,1.97442461153823e+18,3.5452598546844106e-05,2.62605662670946e+18,1.3300364123113102,1.9999369869583437,2.273813817063645,1.762646369816779
0.00010846121440247569,5.104084434229887e-07,2.6631469614365136e-05,1.972655041559448e+18,3.5452598546844106e-05,2.62605662670946e+18,1.3312295213224288,1.9999369869583437,2.274731466729591,1.7633577261469697
0.00010894509177062243,5.102736522791912e-07,2.660026432331395e-05,1.9703435929008937e+18,3.5452598546844106e-05,2.62605662670946e+18,1.332791212746389,1.9999369869583437,2.2759319189796465,1.7642883092865476
0.00011015286712493197,5.099610168872195e-07,2.652262954253901e-05,1.964593003695203e+18,3.5452598546844106e-05,2.62605662670946e+18,1.3366924455956575,1.9999369869583437,2.2789273707491797,1.7666103649218448
0.0001119556723820188,5.095544981311216e-07,2.6407419294546677e-05,1.95605911203123e+18,3.5452598546844106e-05,2.62605662670946e+18,1.3425241653267241,1.9999369869583437,2.283396140257385,1.7700745273313063
0.00011388373070904253,5.091929256508752e-07,2.62850882225606e-05,1.946997764332921e+18,3.5452598546844106e-05,2.62605662670946e+18,1.3487722866539589,1.9999369869583437,2.2881721616578026,1.7737768695021723
0.0001155856740693992,5.089298898077195e-07,2.617785530022386e-05,1.9390547717781798e+18,3.5452598546844106e-05,2.62605662670946e+18,1.3542972921292347,1.9999369869583437,2.2923853106788235,1.7770428764952118
0.00011698746620254611,5.087481984878849e-07,2.6090058419926045e-05,1.9325514521694392e+18,3.5452598546844106e-05,2.62605662670946e+18,1.358854701519852,1.9999369869583437,2.295853499806633,1.7797313951989404
0.00011775495717934763,5.086607489893666e-07,2.604218842473901e-05,1.929005610024318e+18,3.5452598546844106e-05,2.62605662670946e+18,1.36135250880704,1.9999369869583437,2.297751617821128,1.7812028045125023
0.00011807583560912059,5.086265314708725e-07,2.602221622132166e-05,1.9275262223550385e+18,3.5452598546844106e-05,2.62605662670946e+18,1.3623973548338875,1.9999369869583437,2.2985450424119955,1.7818178623348804
0.00011904178973111862,5.085313557149314e-07,2.5962240736337467e-05,1.9230836983585324e+18,3.5452598546844106e-05,2.62605662670946e+18,1.3655446348752045,1.9999369869583437,2.3009329717517897,1.7836689703502244
0.0001207337288505043,5.083903919871977e-07,2.585772085780883e-05,1.9153416672837064e+18,3.5452598546844106e-05,2.62605662670946e+18,1.3710643231782627,1.9999369869583437,2.305113615098776,1.7869097791463378
0.00012300881128120912,5.082444924668748e-07,2.5718234851579143e-05,1.9050096136118518e+18,3.5452598546844106e-05,2.62605662670946e+18,1.3785004589717111,1.9999369869583437,2.310731177572114,1.7912644787380727
0.00012576382218292323,5.081201050107974e-07,2.555092937925668e-05,1.8926169072296486e+18,3.5452598546844106e-05,2.62605662670946e+18,1.3875267713598716,1.9999369869583437,2.317527677121406,1.7965330830398496
0.00012857792577605987,5.080362731758679e-07,2.5381825999972013e-05,1.8800910256872084e+18,3.5452598546844106e-05,2.62605662670946e+18,1.3967710024835565,1.9999369869583437,2.324463103644618,1.8019093826702466
0.00013150245187870972,5.079813498209389e-07,2.5207976768653896e-05,1.8672136078204175e+18,3.5452598546844106e-05,2.62605662670946e+18,1.406403967768226,1.9999369869583437,2.331663367871333,1.8074909828459946
0.0001335128780730072,5.079569979192967e-07,2.5089568676729913e-05,1.85844284440114e+18,3.5452598546844106e-05,2.62605662670946e+18,1.4130413720394366,1.9999369869583437,2.3366087962028477,1.8113246482192615
0.00013552330426730468,5.079405320346827e-07,2.4972047990674054e-05,1.8497378132033661e+18,3.5452598546844106e-05,2.62605662670946e+18,1.4196912708194407,1.9999369869583437,2.3415507379933342,1.815155610847546
0.00013753373046160216,5.079299851546038e-07,2.4855405591493424e-05,1.8410978387620326e+18,3.5452598546844106e-05,2.62605662670946e+18,1.4263536523812548,1.9999369869583437,2.346489205498352,1.8189838802312808
0.00013954415665589964,5.079238541839626e-07,2.473963247912505e-05,1.8325222544214935e+18,3.5452598546844106e-05,2.62605662670946e+18,1.433028505041799,1.9999369869583437,2.3514242108961354,1.8228094658109575
0.00014168247306550681,5.079209042509655e-07,2.461743867564062e-05,1.8234710745211223e+18,3.5452598546844106e-05,2.62605662670946e+18,1.4401416416211108,1.9999369869583437,2.3566693632765,1.8268754754081393
0.0001446114651699124,5.079210426902794e-07,2.4451622379670204e-05,1.8111886749031037e+18,3.5452598546844106e-05,2.62605662670946e+18,1.4499078219169799,1.9999369869583437,2.3638476840964686,1.832440065191061
0.00014865691660855663,5.079261738484171e-07,2.422552230850204e-05,1.794440915513729e+18,3.5452598546844106e-05,2.62605662670946e+18,1.463440007417379,1.9999369869583437,2.3737502743927683,1.8401164917773398
0.00015279563408706639,5.07934563662847e-07,2.399765166706432e-05,1.7775620058566728e+18,3.5452598546844106e-05,2.62605662670946e+18,1.477336159333506,1.9999369869583437,2.383866934784795,1.8479588641742597
0.00015356553169418728,5.079363116464444e-07,2.3955640738742598e-05,1.7744501584537892e+18,3.5452598546844106e-05,2.62605662670946e+18,1.4799269588939816,1.9999369869583437,2.3857472891557148,1.8494165032214842
0.0001549633030394718,5.079395726788853e-07,2.387966880750171e-05,1.7688227403897667e+18,3.5452598546844106e-05,2.62605662670946e+18,1.4846352699710308,1.9999369869583437,2.389159865014557,1.852061910863998
0.0001575533684747936,5.079457979442765e-07,2.3739908114983013e-05,1.7584703400640957e+18,3.5452598546844106e-05,2.62605662670946e+18,1.493375558790341,1.9999369869583437,2.395479066301702,1.8569605165129472
0.00016050259905421176,5.079529716960047e-07,2.3582353824582242e-05,1.7467999264602307e+18,3.5452598546844106e-05,2.62605662670946e+18,1.5033528379125718,1.9999369869583437,2.4026677945926482,1.817866861179652
0.00016407485282849467,5.079615248921689e-07,2.339374560067147e-05,1.7328292756037542e+18,3.5452598546844106e-05,2.62605662670946e+18,1.5154733727559435,1.9999369869583437,2.4113655490115384,1.826491566704188
0.00016829341090067936,5.079711784513274e-07,2.3174103659805632e-05,1.7165598849820221e+18,3.5452598546844106e-05,2.62605662670946e+18,1.5298368846228532,1.9999369869583437,2.421623484986602,1.8366744658777039
0.00017171869290500552,5.079785460231485e-07,2.2998180833756964e-05,1.7035288711192686e+18,3.5452598546844106e-05,2.62605662670946e+18,1.5415392549138678,1.9999369869583437,2.429941829483163,1.8449407652342538
0.00017560556252296504,5.079863387400028e-07,2.2801125276868002e-05,1.688932506615425e+18,3.5452598546844106e-05,2.62605662670946e+18,1.5548617937208198,1.9999369869583437,2.4393696649959677,1.8543191129487298
0.000180873287753715,5.079959146146452e-07,2.253834344713683e-05,1.6694676438513436e+18,3.5452598546844106e-05,2.62605662670946e+18,1.572990429842254,1.9999369869583437,2.452127503606026,1.867025994057395
0.00018617846502581137,5.080044458774593e-07,2.2278556851536754e-05,1.650224645062286e+18,3.5452598546844106e-05,2.62605662670946e+18,1.5913328131215385,1.9999369869583437,2.4649537240121138,1.879819465763518
0.0001918090654143645,5.080123615010635e-07,2.200803698287227e-05,1.630186607714353e+18,3.5452598546844106e-05,2.62605662670946e+18,1.610893264784817,1.9999369869583437,2.4785424240007785,1.893393590601341
0.00019291703044432696,5.080137898425948e-07,2.1955424030559806e-05,1.6262894436774674e+18,3.5452598546844106e-05,2.62605662670946e+18,1.6147535341379675,1.9999369869583437,2.4812134233043897,1.896064150850774
0.00019538682326885503,5.080168291204363e-07,2.1838864870997464e-05,1.6176556349887214e+18,3.5452598546844106e-05,2.62605662670946e+18,1.6233718536317336,1.9999369869583437,2.48716396958,1.9020165769184914
0.00020019068234413282,5.080221981408309e-07,2.161496839285428e-05,1.6010711008720492e+18,3.5452598546844106e-05,2.62605662670946e+18,1.6401873878550028,1.9999369869583437,2.4987244878890293,1.9135919969975925
0.00020653860558010972,5.080282872293e-07,2.1324691994373113e-05,1.5795696513012483e+18,3.5452598546844106e-05,2.62605662670946e+18,1.6625139793905996,1.9999369869583437,2.5139735260866876,1.9288833211694072
0.0002141163796814309,5.080342328971274e-07,2.0986263460820914e-05,1.5545014608263519e+18,3.5452598546844106e-05,2.62605662670946e+18,1.6893240005792491,1.9999369869583437,2.5321366593391708,1.9471302334634513
0.00022008945677039953,5.080380316179081e-07,2.0725515842801968e-05,1.5351872768662508e+18,3.5452598546844106e-05,2.62605662670946e+18,1.7105773779404818,1.9999369869583437,2.546422941146179,1.9615077907978138
0.00022663528276970627,5.080414079238315e-07,2.0445669274811683e-05,1.5144583891554737e+18,3.5452598546844106e-05,2.62605662670946e+18,1.733990610447779,1.9999369869583437,2.5620484955011444,1.9772586194435062
0.0002347578675827312,5.080445961154812e-07,2.0106731647420644e-05,1.4893524889130598e+18,3.5452598546844106e-05,2.62605662670946e+18,1.763220356670552,1.9999369869583437,2.581393893621954,1.9967957285665698
0.00024272096195350408,5.080467870576294e-07,1.9783092176993862e-05,1.4653797588223158e+18,3.5452598546844106e-05,2.62605662670946e+18,1.7920655795190912,1.9999369869583437,2.6003126371632996,2.0159408869906867
0.00024452495954557253,5.08047168189907e-07,1.9710930735945962e-05,1.4600345926504668e+18,3.5452598546844106e-05,2.62605662670946e+18,1.798626306478301,1.9999369869583437,2.604592201073807,2.0202769805212117
0.00024681582763942396,5.080475951010954e-07,1.961989927737476e-05,1.4532916802880888e+18,3.5452598546844106e-05,2.62605662670946e+18,1.8069714857164056,1.9999369869583437,2.6100233763625,2.025782710339836
0.00025270239317064366,5.080484154600188e-07,1.938904696196726e-05,1.4361919110887716e+18,3.5452598546844106e-05,2.62605662670946e+18,1.8284858774330905,1.9999369869583437,2.623961973817471,2.0399270060681634
0.0002620237355158355,5.08048975509569e-07,1.903227701085123e-05,1.4097651290546952e+18,3.5452598546844106e-05,2.62605662670946e+18,1.8627617981091202,1.9999369869583437,2.6459833533030808,2.062315287194785
0.0002726588704242724,5.08048651604832e-07,1.863788685919995e-05,1.3805517310611937e+18,3.5452598546844106e-05,2.62605662670946e+18,1.9021790836413492,1.9999369869583437,2.671034165573882,2.0878454669333686
0.0002835417338218805,5.08047413295211e-07,1.8247675608917566e-05,1.3516478740345595e+18,3.5452598546844106e-05,2.62605662670946e+18,1.9428555892082258,1.9999369869583437,2.6965876850099857,2.113955396355311
0.00029603215933547467,5.080450328876112e-07,1.781569897282142e-05,1.3196503575110515e+18,3.5452598546844106e-05,2.62605662670946e+18,1.98996394140519,1.9999369869583437,2.7258167471905757,2.1439036422845406
0.0003109891774862738,5.080410478814959e-07,1.7319570340874417e-05,1.282900953094243e+18,3.5452598546844106e-05,2.62605662670946e+18,2.04696755456892,1.9999369869583437,2.760681111701875,2.179740166994338
0.0003259461956370729,5.080360287946425e-07,1.6845183869145084e-05,1.2477620411732995e+18,3.5452598546844106e-05,2.62605662670946e+18,2.1046133317536397,1.9999369869583437,2.7953993191004765,2.2155487080088885
0.00034090321378787205,5.080301428213631e-07,1.639125062843299e-05,1.2141381477574019e+18,3.5452598546844106e-05,2.62605662670946e+18,2.1628977160135943,1.9999369869583437,2.829974382708522,2.251329476851903
0.0003568399667626296,5.08023064322896e-07,1.5928749919057632e-05,1.179879641963865e+18,3.5452598546844106e-05,2.62605662670946e+18,2.225698735117158,1.9999369869583437,2.8666599759015945,2.2894236802279124
0.0003775811482907433,5.080128042397074e-07,1.535738169449458e-05,1.1375570655123122e+18,3.5452598546844106e-05,2.62605662670946e+18,2.3085053983878905,1.9999369869583437,2.914172226627448,2.33895562921245
0.0004018642868489466,5.079995466426112e-07,1.4729053299693092e-05,1.0910153164572193e+18,3.5452598546844106e-05,2.62605662670946e+18,2.40698419820253,1.9999369869583437,2.9694722421321305,2.3968800234579017
0.00041912359339016836,5.079894426317232e-07,1.4307082969215654e-05,1.0597589903190696e+18,3.5452598546844106e-05,2.62605662670946e+18,2.477975323350466,1.9999369869583437,3.0085688324200617,2.4380070438497867
0.00042417972247056965,5.079863884610613e-07,1.418712107371363e-05,1.0508731330463095e+18,3.5452598546844106e-05,2.62605662670946e+18,2.4989283141124283,1.9999369869583437,3.019990114594013,2.450048541383218
0.0004358317834366052,5.079792013006939e-07,1.391671290668558e-05,1.0308433696990024e+18,3.5452598546844106e-05,2.62605662670946e+18,2.5474836467893724,1.9999369869583437,3.0462563290025257,2.4777871778559386
0.0004555459808669035,5.079666098745546e-07,1.3477597781765494e-05,9.983170886660035e+17,3.5452598546844106e-05,2.62605662670946e+18,2.6304834972007898,1.9999369869583437,3.0905254481023166,2.52468206310568
0.00048570456059812727,5.079464406777429e-07,1.2847440764081687e-05,9.51639889250861e+17,3.5452598546844106e-05,2.62605662670946e+18,2.7595066751318234,1.9999369869583437,3.157842492348636,2.5963339579905425
0.0005268601376209895,5.079174719272877e-07,1.2060592128674619e-05,8.93356176408267e+17,3.5452598546844106e-05,2.62605662670946e+18,2.9395404610818323,1.9999369869583437,3.2489427705919796,2.693944796614309
0.0005774731328465127,5.078800696061264e-07,1.1193881811785383e-05,8.291569226329175e+17,3.5452598546844106e-05,2.62605662670946e+18,3.1671406883640794,1.9999369869583437,3.3598247300936515,2.813725249881657
0.0006280861280720359,5.078411784884544e-07,1.0422698211664898e-05,7.720335554746493e+17,3.5452598546844106e-05,2.62605662670946e+18,3.4014799073013733,1.9999369869583437,3.4694998399996924,2.933224006930555
0.0006848701014324603,5.077962124797171e-07,9.654073427065488e-06,7.150997257475167e+17,3.5452598546844106e-05,2.62605662670946e+18,3.6722942719134153,1.9999369869583437,3.5911882894317113,3.0669652156326475
0.0007318085041651389,5.077582255115964e-07,9.08487618820664e-06,6.729379592683973e+17,3.5452598546844106e-05,2.62605662670946e+18,3.902375531860988,1.9999369869583437,3.6907479679000317,3.1772620155801126
0.0007710529985695588,5.077260168515801e-07,8.649058314097849e-06,6.406559132900301e+17,3.5452598546844106e-05,2.62605662670946e+18,4.099012546725098,1.9999369869583437,3.773305544851637,3.2693056581036877
0.000815304506253074,5.076893015440401e-07,8.196467213907058e-06,6.071314353515419e+17,3.5452598546844106e-05,2.62605662670946e+18,4.325351108181241,1.9999369869583437,3.865680240644085,3.3729062480859557
0.0008635001022833492,5.076489247737107e-07,7.74519375638642e-06,5.737045582775156e+17,3.5452598546844106e-05,2.62605662670946e+18,4.577367547146398,1.9999369869583437,3.965458563453387,3.485519885728852
0.0009116956983136245,5.076082235533337e-07,7.332400165647532e-06,5.431279746459741e+17,3.5452598546844106e-05,2.62605662670946e+18,4.835060518510756,1.9999369869583437,4.064406842118668,3.597907701276839
0.0009633391148582017,5.075643273046582e-07,6.927828937930596e-06,5.13160440612658e+17,3.5452598546844106e-05,2.62605662670946e+18,5.117418294314021,1.9999369869583437,4.169550374608714,3.7180897928683585
0.001022628745638979,5.075136553627977e-07,6.505736491574763e-06,4.8189506906670086e+17,3.5452598546844106e-05,2.62605662670946e+18,5.449436599954041,1.9999369869583437,4.289182587634342,3.8557588128982743
0.0010437039223031262,5.074955874129612e-07,6.365535933023002e-06,4.715100868384801e+17,3.5452598546844106e-05,2.62605662670946e+18,5.569460123997386,1.9999369869583437,4.331439042364274,3.9046170750458695
0.0010593051679511315,5.074821966284387e-07,6.2648367239158095e-06,4.640510616550106e+17,3.5452598546844106e-05,2.62605662670946e+18,5.658982046811367,1.9999369869583437,4.362631738836973,3.9407592782417873
0.0010843743292928022,5.074606547552571e-07,6.108277771767447e-06,4.5245437507598144e+17,3.5452598546844106e-05,2.62605662670946e+18,5.804025270544598,1.9999369869583437,4.412599332376823,3.998789172848166
0.001096395174409685,5.074503156617598e-07,6.03541504115092e-06,4.47057262750834e+17,3.5452598546844106e-05,2.62605662670946e+18,5.8740945411574375,1.9999369869583437,4.436492296573603,4.026595011752978
0.0011246432513920585,5.074259984872817e-07,5.869564722237526e-06,4.347723429741096e+17,3.5452598546844106e-05,2.62605662670946e+18,6.040072854555608,1.9999369869583437,4.492471100362134,4.0918861855080735
0.0011696063776414788,5.07387243058084e-07,5.6202013805385346e-06,4.1630141890173734e+17,3.5452598546844106e-05,2.62605662670946e+18,6.308065520500441,1.9999369869583437,4.581098189334212,4.1956672311126235
0.0012330663902073195,5.073324767140119e-07,5.296032671561519e-06,3.9228948687773843e+17,3.5452598546844106e-05,2.62605662670946e+18,6.694180482914396,1.9999369869583437,4.7052223374357816,4.34184455717359
0.0013195050102558813,5.072578315527772e-07,4.900315008256516e-06,3.62977757001154e+17,3.5452598546844106e-05,2.62605662670946e+18,7.234759089387152,1.9999369869583437,4.872559439294347,4.54040531945893
0.001426432161608051,5.071655505240776e-07,4.472668291408131e-06,3.31300967690876e+17,3.5452598546844106e-05,2.62605662670946e+18,7.9264985098375265,1.9999369869583437,5.07695056200957,4.785183536193428
0.0015333593129602207,5.070734679472246e-07,4.101755367397279e-06,3.038265826822887e+17,3.5452598546844106e-05,2.62605662670946e+18,8.643274737600976,1.9999369869583437,5.278634056060366,5.02905511043513
0.0016402864643123903,5.069816948433074e-07,3.7777188464127814e-06,2.7982444213107187e+17,3.5452598546844106e-05,2.62605662670946e+18,9.38465777581858,1.9999369869583437,5.477780307366699,5.272050461329496
0.00174721361566456,5.068903169313514e-07,3.492782301229164e-06,2.5871852794307658e+17,3.5452598546844106e-05,2.62605662670946e+18,10.150245703652297,1.9999369869583437,5.674541312705027,5.514197934966852
0.0018591837902013038,5.067951259268757e-07,3.2295766660793007e-06,2.392222729235951e+17,3.5452598546844106e-05,2.62605662670946e+18,10.97747544413723,1.9999369869583437,5.878173841376371,5.7668858945547985
0.0019787184995149086,5.066941319761679e-07,2.981974008919185e-06,2.208817668597858e+17,3.5452598546844106e-05,2.62605662670946e+18,11.888969669354658,1.9999369869583437,6.093000460332064,6.035683102877055
0.0020982532088285127,5.065938435005905e-07,2.7634053383622347e-06,2.046918758719995e+17,3.5452598546844106e-05,2.62605662670946e+18,12.829315357643303,1.9999369869583437,6.305330836383725,6.303518540954615
0.002113257620704143,5.065813071905545e-07,2.737770595834509e-06,2.0279305072946515e+17,3.5452598546844106e-05,2.62605662670946e+18,12.949440906694258,1.9999369869583437,6.331830354172389,6.337092449511872
0.0021432664444554035,5.065562704364259e-07,2.6874648024337246e-06,1.990667833319582e+17,3.5452598546844106e-05,2.62605662670946e+18,13.191837346014283,1.9999369869583437,6.38489400352646,6.4044188019902375
0.0021862115096651304,5.065205250051492e-07,2.6176396996721696e-06,1.9389467518379616e+17,3.5452598546844106e-05,2.62605662670946e+18,13.543727408811897,1.9999369869583437,6.460981600359262,6.5011807782703075
0.0022729975223292733,5.064485970809389e-07,2.483887882268798e-06,1.8398736624669642e+17,3.5452598546844106e-05,2.62605662670946e+18,14.273026894620338,1.9999369869583437,6.615284862597577,6.698206719316169
0.00238340985186085,5.06357699987792e-07,2.3268300238072203e-06,1.7235372451392314e+17,3.5452598546844106e-05,2.62605662670946e+18,15.236436776260792,1.9999369869583437,6.8126150339073925,6.951692294637962
0.002522043399232862,5.062445687575088e-07,2.148198379731724e-06,1.59122062184725e+17,3.5452598546844106e-05,2.62605662670946e+18,16.503409964991956,1.9999369869583437,7.06194729565226,7.274345783422771
0.002683684285635578,5.06114104157944e-07,1.962744473291683e-06,1.4538505897711728e+17,3.5452598546844106e-05,2.62605662670946e+18,18.062768245826312,1.9999369869583437,7.354772638571675,7.656538652128689
0.002849742574176941,5.059817244634847e-07,1.794275075443236e-06,1.3290613791768907e+17,3.5452598546844106e-05,2.62605662670946e+18,19.758730995071268,1.9999369869583437,7.657868143392202,8.055697198106962
0.002963594095179096,5.058919425879751e-07,1.6900228970535616e-06,1.251839360162583e+17,3.5452598546844106e-05,2.62605662670946e+18,20.977584746723412,1.9999369869583437,7.866948013336157,8.333078436393174
0.003054630707507516,5.058207293822423e-07,1.6125435101592999e-06,1.1944485719758666e+17,3.5452598546844106e-05,2.62605662670946e+18,21.9855143898361,1.9999369869583437,8.034850423470433,8.556998202035794
0.003163527503907776,5.057362209711011e-07,1.5261184555256233e-06,1.1304315191399197e+17,3.5452598546844106e-05,2.62605662670946e+18,23.230567993251597,1.9999369869583437,8.23651009744473,8.827278777426576
0.003182406478546422,5.057216450857624e-07,1.5117851645471668e-06,1.1198145163532845e+17,3.5452598546844106e-05,2.62605662670946e+18,23.45081786634903,1.9999369869583437,8.271559716881388,8.8744018728365
0.0032368428631191605,5.056797405016929e-07,1.4714758144286592e-06,1.0899564409692779e+17,3.5452598546844106e-05,2.62605662670946e+18,24.093225453800304,1.9999369869583437,8.372767611326983,9.010713198233418
0.003356253069489581,5.055884650274614e-07,1.3880775395678139e-06,1.028181394475837e+17,3.5452598546844106e-05,2.62605662670946e+18,25.54079115629411,1.9999369869583437,8.59551233725791,9.311956052092496
0.003507969903966973,5.054737713859912e-07,1.291204652936116e-06,9.564253889036333e+16,3.5452598546844106e-05,2.62605662670946e+18,27.456994107190667,1.9999369869583437,8.879942591065978,9.699042746956483
0.0036964140980763407,5.05333293135515e-07,1.1833710851526728e-06,8.76550551270711e+16,3.5452598546844106e-05,2.62605662670946e+18,29.958986654021704,1.9999369869583437,9.235353342870132,10.186415289219362
0.003939755811182086,5.051551075574039e-07,1.0616576242551324e-06,7.863945532195664e+16,3.5452598546844106e-05,2.62605662670946e+18,33.39362685001009,1.9999369869583437,9.697614762993735,10.826188579541117
0.004255509395572045,5.049292190243488e-07,9.280581519688159e-07,6.874343094284667e+16,3.5452598546844106e-05,2.62605662670946e+18,38.200837384633374,1.9999369869583437,10.302653876282093,11.67310043785059
0.0046465356596480135,5.046576030444312e-07,7.927986942699938e-07,5.872444757422873e+16,3.5452598546844106e-05,2.62605662670946e+18,44.71828574274927,1.9999369869583437,11.059477982462937,12.746758026947521
0.005111263682694872,5.043460606163131e-07,6.651252079831808e-07,4.926737479363758e+16,3.5452598546844106e-05,2.62605662670946e+18,53.30214239563238,1.9999369869583437,11.968822095103755,14.05627694941049
0.0053178796517658,5.042113390308737e-07,6.174413236697306e-07,4.5735318314812e+16,3.5452598546844106e-05,2.62605662670946e+18,57.41857110588811,1.9999369869583437,12.376273085823689,14.649504971434613
0.005340754106931434,5.041965638056873e-07,6.124571466629761e-07,4.53661287040706e+16,3.5452598546844106e-05,2.62605662670946e+18,57.88584350759975,1.9999369869583437,12.42149523559302,14.715583110957066
0.005466427358236523,5.041158786263646e-07,5.860465759785637e-07,4.340983616124502e+16,3.5452598546844106e-05,2.62605662670946e+18,60.49450675084379,1.9999369869583437,12.67034631058927,15.080031863753662
0.005657773789901354,5.039946037194131e-07,5.487876209881119e-07,4.064997850151206e+16,3.5452598546844106e-05,2.62605662670946e+18,64.60167319920669,1.9999369869583437,13.050465630876687,15.639387104498292
0.006025147439243341,5.037669511291445e-07,4.859710313795609e-07,3.599700726187614e+16,3.5452598546844106e-05,2.62605662670946e+18,72.95208203296042,1.9999369869583437,13.784254194691336,16.72793650579968
0.006476921939666973,5.034959918115333e-07,4.216726572254884e-07,3.1234276786398004e+16,3.5452598546844106e-05,2.62605662670946e+18,84.07611434925437,1.9999369869583437,14.693288190506626,18.09162542496821
0.007044970380863875,5.031686320817206e-07,3.5653675436575695e-07,2.640950860712083e+16,3.5452598546844106e-05,2.62605662670946e+18,99.43602759808232,1.9999369869583437,15.845684594924453,19.84287900015674
0.007838147778686747,5.027346970912744e-07,2.870207418405084e-07,2.1260295493358904e+16,3.5452598546844106e-05,2.62605662670946e+18,123.51929104323895,1.9999369869583437,17.470163439407223,22.35067299597059
0.008793628800967545,5.022447823274485e-07,2.2617353502290587e-07,1.6753201028365166e+16,3.5452598546844106e-05,2.62605662670946e+18,156.74954429683217,1.9999369869583437,19.447292282054292,25.45855423600652
0.009793628800967548,5.017667399542979e-07,1.8029278449633256e-07,1.3354706872865902e+16,3.5452598546844106e-05,2.62605662670946e+18,196.63903159455208,1.9999369869583437,21.53613125261821,28.80127883909798
0.010700902704410074,5.013607715650553e-07,1.492773119205345e-07,1.105731851131658e+16,3.5452598546844106e-05,2.62605662670946e+18,237.49488847787367,1.9999369869583437,23.44556658976643,31.904610532788304
0.011411571048079872,5.010596477847483e-07,1.3001789733505952e-07,9630728772572774.0,3.5452598546844106e-05,2.62605662670946e+18,272.67475688736783,1.9999369869583437,24.949194740492445,34.37759635189258
0.012237458451719219,5.007269049870776e-07,1.117896305412337e-07,8280518554720763.0,3.5452598546844106e-05,2.62605662670946e+18,317.1367359852521,1.9999369869583437,26.704057887073958,37.29375942646321
0.012772432809403822,5.005206161463584e-07,1.0186863838862856e-07,7545647536692087.0,3.5452598546844106e-05,2.62605662670946e+18,348.02269970069244,1.9999369869583437,27.844518967957896,39.205141428550206
0.012893909160217999,5.004747420684913e-07,9.979152098024184e-08,7391790607769367.0,3.5452598546844106e-05,2.62605662670946e+18,355.26664188096225,1.9999369869583437,28.103849186524688,39.64147458036485
0.013263967019346136,5.003371348064396e-07,9.382368385005566e-08,6949738998431319.0,3.5452598546844106e-05,2.62605662670946e+18,377.8640647227483,1.9999369869583437,28.894642715125016,40.97579389929113
0.014001957542466836,5.000719931753871e-07,8.335340512568671e-08,6174181043453948.0,3.5452598546844106e-05,2.62605662670946e+18,425.32873724097936,1.9999369869583437,30.474910536769123,43.65866536461664
0.014878840489816704,4.997721327589833e-07,7.29580023397258e-08,5404169323796328.0,3.5452598546844106e-05,2.62605662670946e+18,485.9315963965215,1.9999369869583437,32.35751229054495,46.88192098378612
0.015858234506390984,4.9945533887776e-07,6.341112300219381e-08,4697009714167284.0,3.5452598546844106e-05,2.62605662670946e+18,559.0911636372938,1.9999369869583437,34.46541364055222,50.52355771315112
0.01603874914062084,4.993989226237646e-07,6.184905376658502e-08,4581303604158753.0,3.5452598546844106e-05,2.62605662670946e+18,573.2116562468408,1.9999369869583437,34.85443669955418,51.19921606052662
0.01639479302561035,4.992893757740285e-07,5.892585674764422e-08,4364775585976284.0,3.5452598546844106e-05,2.62605662670946e+18,601.6475704150276,1.9999369869583437,35.62216308604456,52.53575925465784
0.01705498923116506,4.990921260880427e-07,5.400748136216121e-08,4000460054728939.5,3.5452598546844106e-05,2.62605662670946e+18,656.4386572502333,1.9999369869583437,37.0470540655786,55.027136211406756
0.017931606903947992,4.988414501476005e-07,4.834223230466472e-08,3580821849373114.5,3.5452598546844106e-05,2.62605662670946e+18,733.3670138237111,1.9999369869583437,38.94134339487934,58.3599798134723
0.018925798933230653,4.985716908644694e-07,4.289838789671576e-08,3177583602580563.0,3.5452598546844106e-05,2.62605662670946e+18,826.431954324286,1.9999369869583437,41.09221084231029,62.171364064243896
0.019925798933230647,4.983148609511892e-07,3.827169610163691e-08,2834873754890409.0,3.5452598546844106e-05,2.62605662670946e+18,926.3398845113576,1.9999369869583437,43.25765532665238,66.035961279387
0.02092579893323064,4.980715495747884e-07,3.43325810079437e-08,2543094316452457.5,3.5452598546844106e-05,2.62605662670946e+18,1032.622584903863,1.9999369869583437,45.42448802223707,69.92889534603916
0.021925798933230635,4.978408194615227e-07,3.095397585295616e-08,2292833155918159.5,3.5452598546844106e-05,2.62605662670946e+18,1145.3326291671938,1.9999369869583437,47.59217440060049,73.84776489574855
0.02292579893323063,4.976218163033969e-07,2.8036459853075235e-08,2076725944061888.0,3.5452598546844106e-05,2.62605662670946e+18,1264.5176578153257,1.9999369869583437,49.760245752186414,77.790404481354
0.023925798933230623,4.974137594572314e-07,2.5501409957578935e-08,1888948888218973.5,3.5452598546844106e-05,2.62605662670946e+18,1390.2211134921076,1.9999369869583437,51.92829440036958,81.7548634764838
0.024925798933230617,4.972159339799811e-07,2.328604469610888e-08,1724851618514515.0,3.5452598546844106e-05,2.62605662670946e+18,1522.4826289527937,1.9999369869583437,54.09596446224561,85.739378621452
0.02592579893323061,4.970276837452069e-07,2.1339781678524525e-08,1580687379385648.2,3.5452598546844106e-05,2.62605662670946e+18,1661.3383904729512,1.9999369869583437,56.26294459041506,89.74235147294632
0.026925798933230605,4.968484054584491e-07,1.9621528397726465e-08,1453412353030586.2,3.5452598546844106e-05,2.62605662670946e+18,1806.821457952887,1.9999369869583437,58.428961880172075,93.76232910429606
0.0279257989332306,4.966775434222885e-07,1.8097644400883876e-08,1340534712680547.2,3.5452598546844106e-05,2.62605662670946e+18,1958.96204840408,1.9999369869583437,60.59377673796543,97.79798752871523
0.028925798933230593,4.96514584935914e-07,1.6740392380752863e-08,1239999891322660.8,3.5452598546844106e-05,2.62605662670946e+18,2117.7877877943565,1.9999369869583437,62.75717853778582,101.84811739759621
0.029925798933230587,4.963590562342304e-07,1.552674939928716e-08,1150102526261358.5,3.5452598546844106e-05,2.62605662670946e+18,2283.3239356894464,1.9999369869583437,64.91898193039037,105.91161161553582
0.03092579893323058,4.962105188893457e-07,1.4437486214695927e-08,1069418262727138.9,3.5452598546844106e-05,2.62605662670946e+18,2455.5935860050818,1.9999369869583437,67.07902369065137,109.98745456724158
0.031925798933230574,4.96068566611389e-07,1.3456448185253754e-08,996750488745309.2,3.5452598546844106e-05,2.62605662670946e+18,2634.617847055275,1.9999369869583437,69.23716001550922,114.07471271524965
0.03292579893323057,4.959328223953068e-07,1.2569989145098957e-08,931088400996533.1,3.5452598546844106e-05,2.62605662670946e+18,2820.4160033556664,1.9999369869583437,71.3932641979119,118.17252636251708
0.03392579893323056,4.958029359693908e-07,1.1766522379991954e-08,871573744544421.5,3.5452598546844106e-05,2.62605662670946e+18,3013.005661479764,1.9999369869583437,73.54722461818564,122.28010241334042
0.034925798933230556,4.956785815078364e-07,1.1036161979631406e-08,817474246965457.1,3.5452598546844106e-05,2.62605662670946e+18,3212.4028817514854,1.9999369869583437,75.69894300242524,126.39670798913914
0.03592579893323055,4.955594555752105e-07,1.0370434479682243e-08,768162259001747.1,3.5452598546844106e-05,2.62605662670946e+18,3418.622297484531,1.9999369869583437,77.84833290830554,130.52166478263615
0.036925798933230544,4.954452752753614e-07,9.76204556975459e-09,723097474077137.4,3.5452598546844106e-05,2.62605662670946e+18,3631.677223130946,1.9999369869583437,79.99531840409193,134.65434404969866
0.03792579893323054,4.953357765810395e-07,9.204690237246088e-09,681812865208992.9,3.5452598546844106e-05,2.62605662670946e+18,3851.579752612188,1.9999369869583437,82.13983291329927,138.79416215549205
0.03892579893323053,4.952307128237173e-07,8.692897396462126e-09,643903176324909.1,3.5452598546844106e-05,2.62605662670946e+18,4078.340848848942,1.9999369869583437,84.28181820097167,142.94057660230095
0.039925798933230526,4.951298533257699e-07,8.221902065351068e-09,609015454095489.9,3.5452598546844106e-05,2.62605662670946e+18,4311.970425462652,1.9999369869583437,86.42122348225497,147.09308247876768
0.04092579893323052,4.950329821594754e-07,7.787539676718033e-09,576841219319555.0,3.5452598546844106e-05,2.62605662670946e+18,4552.477421442197,1.9999369869583437,88.55800463635948,151.25120927785454
0.041925798933230514,4.949398970192101e-07,7.386158273161256e-09,547109962998372.0,3.5452598546844106e-05,2.62605662670946e+18,4799.869869518852,1.9999369869583437,90.69212351203075,155.41451803913998
0.04292579893323051,4.948504081949171e-07,7.014545227729232e-09,519583718363891.7,3.5452598546844106e-05,2.62605662670946e+18,5054.154958855533,1.9999369869583437,92.82354731228553,159.58259877635416
0.0439257989332305,4.947643376363222e-07,6.669865822106619e-09,494052511221781.94,3.5452598546844106e-05,2.62605662670946e+18,5315.339092630608,1.9999369869583437,94.9522480483776,163.75506815717034
0.044925798933230496,4.94681518098657e-07,6.34961155073216e-09,470330530716920.6,3.5452598546844106e-05,2.62605662670946e+18,5583.427940998397,1.9999369869583437,97.07820205412666,167.93156740612338
0.04592579893323049,4.946017923616739e-07,6.05155643893306e-09,448252893715772.5,3.5452598546844106e-05,2.62605662670946e+18,5858.426489879139,1.9999369869583437,99.20138955321008,172.11176040575342
0.046925798933230484,4.9452501251472e-07,5.773719993402531e-09,427672900461884.6,3.5452598546844106e-05,2.62605662670946e+18,6140.339085954082,1.9999369869583437,101.32179427282821,176.29533197384347
0.04792579893323048,4.944510393014185e-07,5.514335664491996e-09,408459698504344.9,3.5452598546844106e-05,2.62605662670946e+18,6429.169478225833,1.9999369869583437,103.43940309825827,180.4819862978139
0.04892579893323047,4.94379741518233e-07,5.271823907466993e-09,390496287282203.25,3.5452598546844106e-05,2.62605662670946e+18,6724.920856447646,1.9999369869583437,105.55420576340741,184.6714455094079
0.049925798933230466,4.943109954618189e-07,5.044769095772847e-09,373677808036236.6,3.5452598546844106e-05,2.62605662670946e+18,7027.595886707843,1.9999369869583437,107.6661945732307,188.86344838507105
