,t[s],P[kPa],T[K],density[kg/m3],mean_MW[kg/mol],gas_mass[kg],H_gas[J],W_work[J],N_agg[mol/kg],N_pri[mol/kg],C_tot[mol/kg],H_tot[mol/kg],A_tot[m2/kg],N_agg[#/cm3],N_pri[#/cm3],N_agg[#/g],N_pri[#/g],d_p[nm],d_m[nm],d_g[nm],d_v[nm],n_p,soot_mass[ug/g],volume_fraction,SSA[m2/g],total_carbon_mass_per_kggas[kg/kg],carbon_yield,total_hydrogen_mass_kggas[kg/kg],total_carbon_mass[kg],total_hydrogen_mass[kg],inception_mass[mol/kg-s],coagulation_mass[mol/kg-s],PAH_adsorption_mass[mol/kg-s],surface_growth_mass[mol/kg-s],H_soot[J]
0,0.0,470147.9999999999,2355.0,0.9018347921716457,0.037559300000000004,0.901834792171646,1122498.4537028589,0.0,1.506721511036224e-22,1.660539165145645e-24,4.729536422783325e-12,3.321078330291316e-23,1.3013242704476079e-17,8.182968510966669e-05,9.018348513700229e-07,0.09073689085848895,0.0010000000656421528,1.9999828078693989,866.1305844507439,671.4190577137551,866.1305844507439,1.0,5.6806461974083996e-08,2.8461135460224746e-17,2.2908032382676685e-07,0.031978764247526804,1.776380773639302e-12,0.010735024348164103,0.0288395622090744,0.009681218451984133,0.0,-2.7151110346147062e-33,0.0,0.0,1.900061294749835e-07
1,1.2626857615562514e-10,470147.99999999994,2354.994460435211,0.9018366003926354,0.037559286958858955,0.901834792171646,1122498.4537028584,0.0,1.660539165145645e-24,1.660539165145645e-24,4.678562569644647e-20,3.321078330291316e-23,1.3013242704476079e-17,9.018366595911314e-07,9.018366595911314e-07,0.0010000000656421528,0.0010000000656421528,1.9999828078693989,1.9999828078693989,1.5503742696662017,1.9999828078693989,1.0,5.619756267095879e-16,2.815612159418308e-25,23.156240388341484,0.03197876424746999,1.7572353512174207e-20,0.010735024348164113,0.02883956220902316,0.009681218451984143,6.403107278425049e-175,-1.3867194642904503e-39,4.302326138433436e-106,6.405581188601632e-41,1.8796888198239824e-15
2,1.1639596372926507e-08,470148.0,2354.4909617655567,0.9020009551722915,0.037558100280506164,0.901834792171646,1122498.453702858,0.0,1.660539165145645e-24,1.660539165145645e-24,4.678562569644647e-20,3.321078330291316e-23,1.3013242704476079e-17,9.020010143815761e-07,9.020010143815761e-07,0.0010000000656421528,0.0010000000656421528,1.9999828078693989,1.9999828078693989,1.5503742696662017,1.9999828078693989,1.0,5.619756267095879e-16,2.816125289308864e-25,23.156240388341484,0.03197876424746998,1.7572353512174207e-20,0.0107350243481641,0.028839562209023152,0.009681218451984129,4.2220022582712144e-157,-1.3868217097135371e-39,3.627844842603329e-97,2.967398550840992e-31,1.879141263241084e-15
3,3.4885492937555586e-08,470148.0,2353.4827481621883,0.9023301551942869,0.037555719147978166,0.901834792171646,1122498.4537028577,0.0,1.660539165145645e-24,1.660539165145645e-24,4.678562569644647e-20,3.3210783302913205e-23,1.3013242704476079e-17,9.023302144251809e-07,9.023302144251809e-07,0.0010000000656421528,0.0010000000656421528,1.9999828078693989,1.9999828078693989,1.5503742696662017,1.9999828078693989,1.0,5.619756267095879e-16,2.817153080357051e-25,23.156240388341484,0.03197876424746998,1.7572353512174207e-20,0.010735024348164098,0.028839562209023152,0.009681218451984127,1.8989706472195687e-117,-1.387026378364496e-39,2.3432243624531274e-77,1.044914316018054e-28,1.87804487466148e-15
4,6.6192061076407e-08,470148.0,2352.1397179157825,0.902769017062999,0.03755254309890301,0.901834792171646,1122498.453702858,0.0,1.660539165145645e-24,1.660539165145645e-24,4.678562569644648e-20,3.321078330291759e-23,1.3013242704476079e-17,9.027690763227007e-07,9.027690763227007e-07,0.0010000000656421528,0.0010000000656421528,1.9999828078693989,1.9999828078693989,1.5503742696662017,1.9999828078693989,1.0,5.61975626709588e-16,2.818523245210987e-25,23.15624038834148,0.03197876424746998,1.757235351217421e-20,0.010735024348164101,0.028839562209023152,0.00968121845198413,4.364752119705261e-102,-1.3872990927189665e-39,1.1235078804540114e-69,3.5147974247854305e-27,1.876584485519961e-15
5,1.0936584867811403e-07,470147.9999999999,2350.311913521542,0.9033670039565621,0.03754821688147848,0.901834792171646,1122498.4537028589,0.0,1.660539165145645e-24,1.660539165145645e-24,4.678562569644713e-20,3.3210783303026024e-23,1.3013242704476085e-17,9.033670632555171e-07,9.033670632555171e-07,0.0010000000656421528,0.0010000000656421528,1.9999828078693989,1.9999828078693989,1.5503742696662017,1.9999828078693989,1.0,5.61975626709596e-16,2.820390212206995e-25,23.156240388341164,0.03197876424747,1.7572353512174456e-20,0.010735024348164073,0.028839562209023173,0.009681218451984107,6.800038781505809e-90,-1.3876705307657015e-39,1.4025186567288182e-63,5.23816151588109e-26,1.874597140976336e-15
6,1.6980050394336203e-07,470147.99999999994,2347.7962469543913,0.9041913152899604,0.037542252599922096,0.901834792171646,1122498.4537028589,0.0,1.660539165145645e-24,1.660539165145645e-24,4.6785625696457075e-20,3.3210783304662294e-23,1.3013242704476174e-17,9.041913746430249e-07,9.041913746430249e-07,0.0010000000656421528,0.0010000000656421528,1.9999828078693989,1.9999828078693989,1.5503742696662017,1.9999828078693989,1.0,5.619756267097171e-16,2.822963783753105e-25,23.156240388336336,0.03197876424747,1.7572353512178188e-20,0.010735024348164077,0.028839562209023173,0.00968121845198411,2.376704361142334e-79,-1.388182187107467e-39,2.622518155538509e-58,5.030538027152145e-25,1.871862234103472e-15
7,2.8279618606981346e-07,470147.9999999999,2343.211509882505,0.9056967321105408,0.03753132394839219,0.901834792171646,1122498.4537028598,0.0,1.6605391651458178e-24,1.6605391651456595e-24,4.678562575474391e-20,3.321078334607304e-23,1.3013242705172723e-17,9.056967915625183e-07,9.05696791562432e-07,0.0010000000656422568,0.0010000000656421614,1.999982807920943,1.9999828079396087,1.5503742697206284,1.9999828079396087,1.0,5.61975627409842e-16,2.827663829282582e-25,23.15624036072711,0.031978764247470017,1.7572353534070318e-20,0.010735024348164085,0.028839562209023183,0.009681218451984117,2.012600872817696e-67,-1.3891148901100909e-39,2.4140807840985887e-52,8.851706982253173e-24,1.866878954684364e-15
8,5.67959600203319e-07,470147.9999999999,2332.1736188703385,0.9093290968038515,0.0375043426957869,0.901834792171646,1122498.4537028598,0.0,1.660539165145645e-24,1.660539165145645e-24,4.678562574007698e-20,3.3210789150598885e-23,1.3013243117419498e-17,9.093291564941711e-07,9.093291564941711e-07,0.0010000000656421528,0.0010000000656421528,1.9999828385055876,1.9999828385055731,1.5503742934151732,1.9999828385055707,1.0,5.619756272395285e-16,2.839004386352769e-25,23.156241101311885,0.03197876424747001,1.7572353528561523e-20,0.010735024348164089,0.02883956220902318,0.00968121845198412,9.007476638272596e-52,-1.391348395897837e-39,1.6162712395641107e-44,5.434306683215639e-22,1.8548869559685636e-15
9,9.66619819878259e-07,470147.9999999999,2317.5117893913593,0.9141402701007801,0.03746574607067762,0.901834792171646,1122498.4537043828,0.0,1.6605391651864032e-24,1.660539165253672e-24,4.6785663368928337e-20,3.3210949048579325e-23,1.3013264959321992e-17,9.14140330129353e-07,9.14140330166385e-07,0.0010000000656666978,0.0010000000657072081,1.9999838598896584,1.999983854649849,1.5503750811239159,1.9999838535282897,1.0000000000405103,5.619760793608392e-16,2.8540275832060834e-25,23.15626133788927,0.031978764247470017,1.7572367661694686e-20,0.01073502434816409,0.028839562209023183,0.009681218451984122,1.6509852613349026e-40,-1.3942416317617852e-39,6.926656177159406e-39,8.222069818971296e-21,1.8389711389168945e-15
10,1.4993548258189652e-06,470147.9999999999,2298.3928442638994,0.9203308789474698,0.03740828917422327,0.901834792171646,1122498.4537031446,0.0,1.6605391651465646e-24,1.660539165147615e-24,4.6785642364110966e-20,3.3212841257002836e-23,1.3013428489439352e-17,9.203309393604795e-07,9.203309393610617e-07,0.0010000000656427064,0.001000000065643339,1.9999965848286563,1.9999965847466892,1.5503849494160373,1.9999965847290364,1.0000000000006324,5.61975828979324e-16,2.87335393684319e-25,23.156562646252418,0.031978764247469996,1.757235977243232e-20,0.01073502434816364,0.028839562209023166,0.009681218451983714,4.7199320663510145e-30,-1.397801928687533e-39,1.1938162753462516e-33,6.000655191039819e-20,1.8182348563282358e-15
11,2.0754552142169766e-06,470147.99999999994,2277.6065739969627,0.9269232037446428,0.037335507047763485,0.901834792171646,1122498.4537034312,0.0,1.660539169108335e-24,1.6605391691093867e-24,4.678571510878177e-20,3.3222065242766674e-23,1.3014291176399882e-17,9.269232668018753e-07,9.269232668024625e-07,0.0010000000680285403,0.001000000068029174,2.0000605991044593,2.000060599022442,1.5504345728856144,2.0000605990047773,1.0000000000006333,5.619767120133427e-16,2.8939403018293784e-25,23.15806135413471,0.03197876424747,1.7572387094821462e-20,0.010735024348163216,0.028839562209023173,0.009681218451983333,7.635902954109329e-26,-1.4013711972834616e-39,1.4941334589813208e-31,2.1685951328150675e-19,1.795720760453819e-15
12,2.782807330616359e-06,470147.99999999994,2251.690505657993,0.9349779908294035,0.03723142651937385,0.901834792171646,1122498.4537033753,0.0,1.6609698258007932e-24,1.6609698258018467e-24,4.6786147858896873e-20,3.338637970463086e-23,1.302079634005306e-17,9.352205386613622e-07,9.352205386619554e-07,0.001000259415552385,0.0010002594155530194,2.0003013843680697,2.0003013842859185,1.550621228128618,2.000301384268225,1.0000000000006344,5.619820754039527e-16,2.919115954129589e-25,23.169415733933707,0.03197876424746998,1.757254963273544e-20,0.010735024348163206,0.028839562209023152,0.009681218451983324,5.8417977069442404e-21,-1.406210015026221e-39,4.1380979323732577e-29,5.861515713702e-19,1.7677036203682082e-15
13,3.568550134547201e-06,470148.0,2222.963079500276,0.9437935945720712,0.03710298641197128,0.901834792171646,1122498.4537032829,0.0,4.8033935884897554e-24,4.803393588490813e-24,4.7974870681174014e-20,9.837667675701027e-22,3.6810861613696327e-17,2.7300845976797497e-06,2.730084597680351e-06,0.0028926712507702564,0.002892671250770894,2.000340385688394,2.000340385660673,1.5506514617524598,2.0003403856542477,1.0000000000011524,5.772178086532918e-16,3.0265248359994684e-25,63.77291390156488,0.031978764247469954,1.8019025603722185e-20,0.010735024348163211,0.028839562209023128,0.00968121845198333,2.962087839978644e-17,-1.1784449594983485e-38,8.527991064938913e-27,3.3634067231037296e-18,1.7837636031889952e-15
14,4.40366451791528e-06,470147.99999999994,2193.7046965704058,0.952751427937065,0.03696216194292248,0.901834792171646,1122498.4537032146,0.0,2.4492671569101077e-21,2.4492671569101092e-21,9.723479521868269e-19,7.402352848374916e-19,1.8539024413982138e-14,0.001405292319088155,0.001405292319088156,1.4749831675728362,1.474983167572837,2.0001664042445566,2.000166404244502,1.5505165924375974,2.0001664042444895,1.0000000000000018,1.2425028420832161e-14,6.5766464278369206e-24,1492.0709865660406,0.03197876424746993,3.652070844050579e-19,0.010735024348163199,0.02883956220902311,0.009681218451983317,1.64618854173882e-14,-3.0708303158744996e-33,1.0263007072835813e-22,2.7606724626862993e-15,3.7699517811749494e-14
15,5.4748911125291735e-06,470148.0,2159.8700020276005,0.9631729320427044,0.03679014283255826,0.901834792171646,1122498.453703311,0.0,9.55977247972623e-19,9.559772479726231e-19,3.617081509071532e-16,2.891247729028619e-16,7.237800588880156e-12,0.5545015068985523,0.5545015068985524,575.702958888765,575.7029588887651,2.0004214747200884,2.0004214747207048,1.550714321488918,2.000421474720481,1.0000000000007292,4.635914371631901e-12,2.480659576679783e-21,1561.2455297211104,0.03197876424746991,1.3585504952342904e-16,0.010735024348163195,0.02883956220902309,0.009681218451983315,4.395772203876103e-12,-4.692700808595647e-28,6.563357883211877e-19,1.569140257125497e-12,1.3765871727646843e-11
16,6.665266062603557e-06,470148.0,2128.2888076848276,0.9730118920878673,0.03662252646129983,0.901834792171646,1122498.4537035655,0.0,9.131626771838652e-17,9.131626771838716e-17,3.4569640443130825e-14,2.762050356070176e-14,6.916520447727912e-10,53.50781368393724,53.50781368393763,54991.942153061835,54991.94215306223,2.0008090544127537,2.0008090544127617,1.5510147708626059,2.000809054412758,1.0000000000000118,4.430574189516315e-10,2.3950007639871883e-19,1561.088958648718,0.0319787642474699,1.2984114962933767e-14,0.010735024348163213,0.02883956220902308,0.009681218451983331,2.9055864494079004e-10,-4.2939405280356785e-24,5.115113156407602e-16,1.8716362264020027e-10,1.2888903328143632e-09
17,8.156683452959887e-06,470147.99999999994,2097.110369609416,0.9828652905670391,0.036451455830598986,0.9018347921716264,1122498.4537038524,0.0,4.505443627057415e-15,4.505443627059732e-15,1.7073426727450933e-12,1.3629740013929623e-12,3.4146660222734406e-08,2666.750982613699,2666.75098261507,2713241.5888602445,2713241.5888616396,2.001391430270157,2.0013914302704583,1.5514662250158584,2.0013914302703038,1.0000000000005143,2.1880770635745428e-08,1.1947694438184814e-17,1560.5785002357668,0.03197876424747062,6.412659564832089e-13,0.010735024348163438,0.028839562209023104,0.009681218451983324,9.659183176576159e-09,-1.048216133294767e-20,1.462921282100162e-13,1.0404360474113211e-08,6.235288384556511e-08
18,9.887587867307973e-06,470147.99999999994,2069.898597014336,0.9916090057212759,0.03629853727696079,0.9018347921712229,1122498.453702584,0.0,9.65748159270624e-14,9.657481592860939e-14,3.664379412165822e-11,2.922101152000094e-11,7.32517324263781e-07,57670.70448888525,57670.704489809046,58158713.92468523,58158713.92561685,2.0021289382450704,2.002128938254504,1.5520379366313988,2.0021289382497027,1.0000000000160185,4.695833908073981e-07,2.5869062181208297e-16,1559.9302245428576,0.03197876424748495,1.3763152565511537e-11,0.010735024348168245,0.02883956220902312,0.009681218451983326,1.4123350129078278e-07,-4.828205578520813e-18,1.2080732156349157e-11,2.30074304513381e-07,1.313855552494868e-06
19,1.2062180256966726e-05,470148.0,2044.783698376275,0.9998325754071852,0.03615548974019971,0.9018347921658639,1122498.4536858096,0.0,1.3166298316215401e-12,1.316629832043018e-12,5.003970451197611e-10,3.9846706140700104e-10,9.996796799125958e-06,792760.2729590411,792760.2732128183,792893022.7505207,792893023.0043405,2.0030810712585825,2.0030810714471246,1.5527760243776159,2.003081071351102,1.0000000003201186,6.411923706831706e-06,3.561583440619961e-15,1559.0947828145056,0.031978764247674984,1.8794562736733253e-10,0.010735024348232028,0.02883956220902313,0.009681218451983319,1.301269693342844e-06,-8.995530299926307e-16,5.054482944138864e-10,3.0583419268983554e-06,1.7634385562710855e-05
20,1.4726362828341405e-05,470148.00000000006,2022.4362439963202,1.0073062477392316,0.03602765202017944,0.9018347921208401,1122498.4535503378,0.0,1.1546285775175032e-11,1.1546285822264618e-11,4.397124564689522e-09,3.4952127889299714e-09,8.777731489847246e-05,7004138.659961648,7004138.688526851,6953335865.514118,6953335893.872129,2.00424762965876,2.004247632060945,1.5536803349309656,2.004247630836631,1.000000004078332,5.633703763772728e-05,3.152702777311274e-14,1558.0747334093146,0.0319787642492715,1.6515292066224987e-09,0.010735024348767988,0.028839562209023114,0.009681218451983335,7.780034804879299e-06,-6.933810852101113e-14,1.100365755346228e-08,2.5291359454816653e-05,0.00015255557289398653
21,1.8018518379806578e-05,470147.99999999994,2002.3215422759547,1.0141830512912706,0.035912840805272225,0.9018347918517933,1122498.4527554445,0.0,7.252016024932662e-11,7.252016292166712e-11,2.7686016457415228e-08,2.1957544232198674e-08,0.0005521603991536769,44292073.185301356,44292074.81744751,43672661586.0008,43672663195.32188,2.005680515461152,2.0056805371682858,1.554791114083942,2.0056805260956145,1.000000036849622,0.00035466994825607046,1.9983347240203257e-13,1556.8288259794117,0.03197876425881185,1.0398673979271482e-08,0.0107350243519706,0.02883956220902315,0.009681218451983338,3.364405513247717e-05,-2.741390184107024e-12,1.466520225849535e-07,0.00014746299752021655,0.0009469198617975978
22,2.2323585653190704e-05,470148.0,1983.1951751166357,1.0208695407874249,0.03580430890866091,0.9018347905040179,1122498.4488315235,0.0,3.7695445327454877e-10,3.769545577923552e-10,1.4437506688657e-07,1.1414950712201958e-07,0.00287583454199681,231744816.95462495,231744881.21029222,227007279280.63538,227007342222.73004,2.0075484215373662,2.0075485849053574,1.5562392131049276,2.007548501497916,1.0000002772690588,0.0018491516315535883,1.0487458760835717e-12,1555.2183460372262,0.03197876430660355,5.4226264497031175e-08,0.010735024368013905,0.028839562209023176,0.009681218451983348,0.00011962997826507252,-7.424158311869244e-11,1.4773592597778445e-06,0.0007053221935884815,0.004870186174353426
23,2.80256839911124e-05,470147.9999999999,1964.9297463026885,1.027399146545042,0.03570144711163263,0.9018347847503951,1122498.432311234,0.0,1.6708122059125915e-09,1.6708151934844815e-09,6.426690008557289e-07,5.059150514648418e-07,0.012780643272736217,1033755290.5124073,1033757138.9656541,1006186635436.4219,1006188434594.279,2.0100224866191345,2.010023540723778,1.5581577835068043,2.010023002229449,1.0000017880955618,0.008229059741154718,4.696960530516957e-12,1553.111008396059,0.03197876451062509,2.413819780379769e-07,0.010735024436502372,0.028839562209023152,0.009681218451983348,0.00036089572404255895,-1.4622474062344448e-09,1.1791304689877537e-05,0.002867531153838688,0.021389775126978313
24,3.472730158952445e-05,470147.9999999999,1949.2937942612953,1.0331055160040772,0.035614067101424646,0.9018347670546786,1122498.3821277388,0.0,5.628391709677685e-09,5.62843923391939e-09,2.175829919676811e-06,1.703445107698615e-06,0.0431877749165035,3501707773.7401824,3501737340.9798493,3389496735323.174,3389525355090.67,2.0129281682349385,2.0129331513916773,1.560413295652463,2.0129306072302255,1.0000084436628005,0.027850965833798386,1.5984992460521228e-11,1550.674227035,0.031978765138109405,8.17226487019721e-07,0.010735024647144003,0.028839562209023173,0.009681218451983345,0.0008601368545247785,-1.663447244200348e-08,6.383689630152763e-05,0.008939348882455253,0.0715729125918672
25,4.4239259527778e-05,470148.0,1933.169221606865,1.0391060513456205,0.03552461157908882,0.9018347079874117,1122498.2166406224,0.0,1.8740795335041298e-08,1.874155372375978e-08,7.296466916109523e-06,5.664564408908282e-06,0.14443726219667372,11727320575.577652,11727795148.159206,11285970821160.186,11286427533524.57,2.0170305992931796,2.017054548178488,1.5636081768825487,2.0170423710274368,1.0000404672643248,0.09334774505357106,5.388789264701883e-11,1547.3031738879504,0.0319787672326155,2.740501898417457e-06,0.010735025350253521,0.02883956220902321,0.009681218451983347,0.0019747144727751305,-1.8497431110708849e-07,0.00033898155235761464,0.02740550702052506,0.2370594347063248
26,5.5436014387572164e-05,470147.9999999999,1919.3757748819853,1.0443335470368342,0.035448578967968096,0.9018345620856789,1122497.8123964183,0.0,5.0829754910038104e-08,5.0837466888211424e-08,1.9954988709139248e-05,1.5329015904241528e-05,0.39378948772366135,31967461435.969112,31972311594.4105,30610394089774.08,30615038351614.703,2.0218067575062113,2.02189703382458,1.5673620417244805,2.0218516156829827,1.0001517217265157,0.25513101741694694,1.4802326687675366e-10,1543.4794707070535,0.031978772406244596,7.494954074218424e-06,0.01073502708700089,0.028839562209023187,0.009681218451983348,0.0038563718916457754,-1.3648854301211881e-06,0.001351944286671132,0.06913598825881251,0.6413033386573745
27,7.127668516050555e-05,470147.99999999994,1905.1962776083094,1.0497977528536415,0.03537080591422322,0.9018341558839029,1122496.698983719,0.0,1.3905447234484168e-07,1.3913586161027417e-07,5.523638324947431e-05,4.1770150362327564e-05,1.085369607705033,87910652900.16237,87962107436.95348,83740561133034.27,83789574894638.58,2.0284633891556436,2.0288156908882287,1.5727253417738205,2.0286429390080265,1.0005853049100835,0.7055485107746624,4.114906895224855e-10,1538.334488883469,0.03197878681003944,2.0746398893782962e-05,0.010735031922243655,0.028839562209023208,0.009681218451983359,0.007469685590767047,-1.0254661410582631e-05,0.005448337808534777,0.17536980062395852,1.7547155548689775
28,8.943930051885078e-05,470147.99999999994,1893.308633223841,1.0544477551902007,0.035305801398829044,0.9018333029602372,1122494.3836245956,0.0,3.2133213732114503e-07,3.2191662176716434e-07,0.0001294199481346738,9.608394228492857e-05,2.5311034070753498,204046962710.7099,204418112253.84665,193510737451287.0,193862722214220.88,2.035998227971275,2.0371123339792225,1.579156848045909,2.036588134214109,1.0018189417681407,1.6513156108687754,9.673477994395085e-10,1532.7799182760152,0.03197881705450254,4.860922657966021e-05,0.010735042075076499,0.02883956220902319,0.009681218451983359,0.01287534297787455,-5.499634648854806e-05,0.017347094417480984,0.3804748810403005,4.070074486923478
29,0.0001089904067638043,470147.9999999999,1883.568463261775,1.058302505170701,0.035252573493793855,0.9018317857005306,1122490.2976764943,0.0,6.391560289012885e-07,6.421229162970402e-07,0.0002615758439955191,0.00019042736754895916,5.091084904683383,407349904886.79926,409240775415.7791,384908759921242.9,386695461284739.06,2.044079446674369,2.0469825817030483,1.5867234727720032,2.0456849445395813,1.0046418828292238,3.33373824871953,1.9600575223351467e-09,1527.1399626646871,0.03197887085629944,9.824605597363447e-05,0.010735060135924474,0.02883956220902318,0.009681218451983348,0.020122045656597504,-0.0002186706367086491,0.044809653031745146,0.7200206571798569,8.156022340182542
30,0.00011506508809084291,470147.99999999994,1880.9867761910853,1.0593306282081012,0.03523845538147637,0.9018311641946484,1122488.6310722108,0.0,7.674397993401253e-07,7.720152543518024e-07,0.00031575813447708254,0.0002285014898084653,6.136716588992852,489583476967.15283,492502360214.08594,462163052714998.2,464918456145436.7,2.0465974631281414,2.0503502616951974,1.5893355077462945,2.048699774688213,1.0059619725424862,4.022900454931172,2.3675453700782745e-09,1525.445796569641,0.0319788928948552,0.0001185965450024402,0.01073506753409754,0.028839562209023232,0.009681218451983357,0.022665649180785126,-0.0003157875411599015,0.05766654554654989,0.8537494667597211,9.822626624441703
31,0.00014400530937143,470148.0,1870.6875337800525,1.0634565719332167,0.03518200643148417,0.9018270339868539,1122477.614338919,0.0,1.5963948342560451e-06,1.622531723673963e-06,0.0006762787825755431,0.0004761477977991038,13.055937584684523,1022376782773.0719,1039115592208.7961,961371446428256.6,977111449243129.9,2.0587190398618453,2.0693095982273,1.604139752656524,2.064975038104192,1.0163724467513064,8.602741437696343,5.0825788436446585e-09,1517.6484937086132,0.03197903935251025,0.0002540055767834447,0.010735116698802002,0.0288395622090232,0.009681218451983355,0.03660308966628276,-0.001379520502946157,0.15848406862266146,1.6990256742863363,20.839359827854818
32,0.00016992459027431953,470147.99999999994,1863.4571717211802,1.0663732784905275,0.03514214462015982,0.9018213933787549,1122462.6637288851,0.0,2.6692318539397306e-06,2.7593663646193227e-06,0.0011694550823482745,0.0008047168042290245,22.448337108040377,1714140665710.263,1772023696707.2673,1607449005227009.2,1661729276652170.0,2.0698318302575816,2.0920494501078752,1.6221692109900223,2.0834163503310066,1.0337679585782538,14.857479532747979,8.802010644134653e-09,1510.9115283356828,0.03197923937130524,0.0004392391427436552,0.010735183843567735,0.028839562209023232,0.009681218451983352,0.05147167350654554,-0.003902048423351249,0.32376550639389495,2.784267065191306,35.789969825833246
33,0.00016999258445537697,470147.99999999994,1863.4400555971338,1.0663801990407265,0.035142049897895974,0.9018213758358979,1122462.6173451354,0.0,2.6724674562495972e-06,2.7628676117228983e-06,0.0011709899669739472,0.0008057262148345416,22.477468952514926,1716229658905.2224,1774283659761.2883,1609397530495291.5,1663837776955502.2,2.069861341630478,2.092118216377316,1.6200660418571042,2.0834708901485053,1.033826475702033,14.876932517877298,8.81359236640525e-09,1510.894058671317,0.031979239993387684,0.00043981563466486453,0.010735184052396023,0.028839562209023253,0.009681218451983373,0.05151341760366603,-0.003911653669713409,0.32360495361138,2.78756004570716,35.83635357463863
34,0.0001802491861474725,470147.99999999994,1860.9520674025991,1.0673868163106923,0.03512825798483673,0.901818552053484,1122455.1584131736,0.0,3.1853301179635005e-06,3.3240520195754994e-06,0.0014181220870679804,0.0009673846876633434,27.161124951399003,2047515450438.278,2136685246455.0063,1918250646485681.0,2001790928840801.2,2.0743374190776356,2.1031188406671006,1.6289208084491267,2.09212321143841,1.0435502432949364,18.008188152938164,1.0678723677826996e-08,1508.2652802562745,0.03197934012707344,0.0005326367290471778,0.010735217666501502,0.028839562209023246,0.009681218451983366,0.05796400222618217,-0.0055889657972821236,0.41404942424549834,3.3124364568706537,43.2952855423544
35,0.0002078522144062247,470147.9999999999,1855.0533656033435,1.0697771251796016,0.03509532811585653,0.9018090708625878,1122430.1961218396,0.0,4.7950704524976615e-06,5.1785229020852716e-06,0.002248721780411807,0.0015004997214912784,42.817680728658175,3089151480494.2207,3336184910780.0464,2887658941086063.0,3118579405238212.0,2.086631158488479,2.139732643463651,1.6591228733525416,2.120146618343914,1.07996805331356,28.521901023789418,1.6951154045492542e-08,1501.2211385540184,0.031979676342618675,0.0008446041596687114,0.010735330531465158,0.028839562209023225,0.009681218451983364,0.07671987549151654,-0.012911752977221856,0.7429512117393504,5.016190933039181,68.25757687246917
36,0.00023430240846572612,470148.0,1850.2619565312157,1.0717195263169332,0.03506823877059041,0.9017971222622396,1122398.8611063089,0.0,6.591301581616194e-06,7.463775092126542e-06,0.0032968011511992313,0.002156910465764546,62.42615464579625,4254056285351.205,4817154692430.752,3969374617975541.0,4494790450431900.5,2.098745452366159,2.186158194928043,1.698778228519865,2.1545966704798802,1.1323674087290687,41.772044376544635,2.487106422917796e-08,1494.4481549207842,0.031980100065829235,0.0012382554347801736,0.01073547277207667,0.028839562209023263,0.00968121845198337,0.09629995243013241,-0.025007184039067813,1.1932186474356203,7.075413569678166,99.59259240126372
37,0.0002582961675271711,470147.9999999999,1846.4777821764558,1.0732509593211097,0.035046525108850625,0.901783582410475,1122363.4648938605,0.0,8.34185055015102e-06,9.998316615366388e-06,0.004485748156520125,0.0028857887268978364,84.512316527064,5391561898129.168,6462180374097.602,5023579854556690.0,6021127042071583.0,2.1099893378113475,2.239311888564128,1.7457694957930368,2.19310149772452,1.1985729731378822,56.78719614467626,3.3859395966349895e-08,1488.2283730253682,0.031980580231827725,0.0016848156073488712,0.010735633960096492,0.028839562209023225,0.009681218451983368,0.11509308754138682,-0.04120885244645901,1.731624768619649,9.329399742195463,134.9888048477915
38,0.00027926219568951457,470147.99999999994,1843.5262427965747,1.0744415094013164,0.03502931902049056,0.9017694686554706,1122326.6596797982,0.0,9.88240938309297e-06,1.258886462255903e-05,0.005726219729642662,0.0036325777308680814,107.4057322303045,6394351770771.914,8145546867243.25,5951326074822700.0,7581191526918934.0,2.119981912554891,2.29492573719284,1.796546566372004,2.2326056189725945,1.2738659303161757,72.43926352545304,4.323986202344861e-08,1482.7004997443858,0.03198108076560049,0.0021507280469118565,0.01073580198542093,0.028839562209023242,0.009681218451983378,0.13207843351561713,-0.05958491369113115,2.3120905498690285,11.61393509569705,171.79401891090978
39,0.0002874928417595766,470147.99999999994,1842.4460369599751,1.0748759040107951,0.03502294773708679,0.9017633151577945,1122310.6362193883,0.0,1.0473517201833845e-05,1.3703862403638815e-05,0.006267361656072035,0.003954689558693517,117.34987810943267,6779564279947.636,8870584184724.477,6307299526066544.0,8252658889853938.0,2.123941549175482,2.3191115197759924,1.8191046321191342,2.249574345240124,1.3084298368497793,79.26360792624432,4.733252345826616e-08,1480.5013445593854,0.031981298999701264,0.0023539771664848838,0.010735875244924219,0.02883956220902327,0.009681218451983362,0.13884519736444004,-0.0678004660221772,2.569430145498153,12.593309845774193,187.8174793210516
40,0.0002969316321966075,470147.99999999994,1841.2567360746193,1.0753531076080287,0.0350158791930807,0.9017558186807076,1122291.1321279926,0.0,1.113410466933664e-05,1.5051322042762619e-05,0.006926829628055297,0.004344560397188948,129.43573132093545,7210365822051.377,9747127520069.377,6705114600068268.0,9064118056766012.0,2.1285055480587594,2.3484473025943684,1.8468337057438484,2.2699993592784886,1.351821497081306,87.57746754293863,5.232038993263351e-08,1477.9570014110536,0.03198156486665792,0.0026016687204855516,0.010735964494409684,0.028839562209023274,0.009681218451983414,0.1466518024146616,-0.07783994126473864,2.8856674672035107,13.774670334353212,207.32157071646049
41,0.00030028353869447947,470148.0,1840.8464880408903,1.0755174249955581,0.035013426696262236,0.9017530415872501,1122283.9110009442,0.0,1.1363252530276507e-05,1.5547592464591075e-05,0.007171190465956804,0.0044883227436091225,133.9052779202345,7359884764959.913,10070047163614.78,6843110668328139.0,9362979092278646.0,2.1301320053105726,2.3592675301914845,1.8571603995183332,2.2774911611349635,1.3682343521950002,90.65739801216519,5.4168672926022967e-08,1477.0474429705775,0.031981663359028294,0.00269344894067533,0.010735997557538264,0.028839562209023274,0.009681218451983418,0.14943306139249563,-0.08155001295355493,3.003494202175796,14.209280821042206,214.5426977653519
42,0.0003070910428624229,470147.99999999994,1840.0319541161743,1.0758431725385473,0.03500853403392331,0.9017472133252573,1122268.7629803352,0.0,1.1818486937992824e-05,1.6584216519563478e-05,0.0076841266555598515,0.004788926431579734,143.27236114019837,7657054758771.521,10744713319722.746,7117259238355366.0,9987248693849720.0,2.1334441115648346,2.381874683666936,1.8789047662023688,2.293073631480196,1.403243630641947,97.12128310296178,5.804848296361379e-08,1475.1901597954604,0.03198187006608574,0.0028861041829365656,0.010736066947502084,0.028839562209023277,0.009681218451983406,0.1550916792955736,-0.08929493970175122,3.2518484362793294,15.116442915488964,229.69071837459555
43,0.0003153426472758785,470147.9999999999,1839.0767980255803,1.0762242223538387,0.03500275432538458,0.9017398061539982,1122249.5238621968,0.0,1.2349974242714095e-05,1.789245181835245e-05,0.008336203266321058,0.0051689032847171265,155.15211946532173,8004232948496.221,11596408993187.02,7437328376599766.0,1.0775086410733448e+16,2.1374744417839193,2.410377049267302,1.9066373086191188,2.312586879032579,1.4487845453530526,105.33639194277708,6.298087583565246e-08,1472.920389656089,0.0319821327751146,0.003131019593401763,0.010736155136895508,0.028839562209023274,0.009681218451983407,0.16196147691339896,-0.09901702672806613,3.569407975540543,16.260308491985736,248.9298365112302
44,0.000331054787355494,470147.9999999999,1837.349289147192,1.07691038899346,0.03499217070934709,0.9017246425340497,1122210.1777127245,0.0,1.3291501941000159e-05,2.0540314589397497e-05,0.009671697042362124,0.0059401312368820855,179.3887038688326,8619945717402.0625,13321022527394.293,8004329613217625.0,1.2369666653364592e+16,2.1451955280078794,2.4677586832252745,1.9635118158029912,2.3514361981183254,1.5453719738050822,122.15440546258863,7.308297127998953e-08,1468.5405998212052,0.031982670594404065,0.003632621707225465,0.010736335678680138,0.02883956220902327,0.009681218451983411,0.17503947361510416,-0.11831310449255027,4.225467886341723,18.573644779300892,288.2759859851056
45,0.00035400342254155955,470147.9999999999,1835.0215574144563,1.0778272995716396,0.03497759477790822,0.9016999275285985,1122146.1437980144,0.0,1.4478079772562927e-05,2.477599928145934e-05,0.011849934834838174,0.00718009176533066,218.66761182036012,9397472204284.213,16081674382131.383,8718903490400593.0,1.4920455613364698e+16,2.1565871133012458,2.557893291621491,2.0555574100713523,2.4113171948273595,1.711276610618748,149.56709980069462,8.955972404608033e-08,1462.0034226226574,0.031983547218493724,0.004450752574413469,0.010736629954621308,0.0288395622090233,0.009681218451983414,0.19401248242947908,-0.1475061460581796,5.3099128804529485,22.274642395079315,352.30990069511637
46,0.0003762651534884613,470148.0,1832.9607878861282,1.0786294386916782,0.034964315913572165,0.9016729450626436,1122076.3457308095,0.0,1.5399435400715783e-05,2.9298002743398417e-05,0.014229924707483393,0.008512740498200649,261.25735495145244,10002947115866.893,19030981618268.645,9273756822361488.0,1.7643669767953154e+16,2.1677838451223312,2.6507273394275406,2.153712349158367,2.471540587759909,1.902537461992705,179.49646808376926,1.0756120812018599e-07,1455.5013685813926,0.0319845043227061,0.005344660110648315,0.010736951247118548,0.028839562209023267,0.009681218451983406,0.2121079543689064,-0.1758628276110592,6.513392551454362,26.234572425873132,422.10796789959625
47,0.0003979987536528567,470148.00000000006,1831.115317170864,1.0793376895721032,0.03495204816038597,0.9016436584114588,1122000.6925562096,0.0,1.608189833725115e-05,3.40969465450027e-05,0.016815150472394912,0.0099374297890901,307.16509835265856,10453110952756.691,22162754539962.43,9684745611821230.0,2.053366129440798e+16,2.178880805176957,2.7444142649783902,2.256195078204846,2.5307882629944736,2.120206572007893,211.98370155133813,1.271122214774242e-07,1449.0033719798473,0.031985543224286234,0.0063156528113670046,0.010737299998360825,0.028839562209023287,0.009681218451983404,0.22932757567528428,-0.20271295875634393,7.841568747938016,30.455338088648734,497.7611424986642
48,0.00041892209465786955,470148.0,1829.4783082523395,1.0799556876771907,0.03494079584429257,0.9016126456786787,1121920.6782578577,0.0,1.654839197896815e-05,3.9065332854393075e-05,0.019554776291500767,0.011424140511091242,355.442155829512,10762487020989.025,25406706485462.258,9965674651093682.0,2.35256934848021e+16,2.189749229239851,2.835564069071677,2.3592879468299723,2.586879894608524,2.360672438992404,246.3879516723957,1.478267054354092e-07,1442.6117568529398,0.03198664342968994,0.007344637091640602,0.010737669328823548,0.02883956220902327,0.009681218451983402,0.2453689879393194,-0.2273160533561695,9.271879445098874,34.852655358922775,577.7754408509998
49,0.00043989883606762516,470148.0,1827.9620177100426,1.080517230860406,0.03492998961451902,0.9015787189474934,1121833.2405435264,0.0,1.684472618508927e-05,4.437722778004004e-05,0.022553999180631494,0.013027280298609743,407.8849016195073,10960908642749.15,28876381495951.92,1.0144131282405446e+16,2.6724591400507256e+16,2.2008589847708224,2.9262037039648465,2.4653019305970765,2.6410234848574015,2.63448792770061,284.0275826995633,1.7049816508139284e-07,1436.0749675884715,0.03198784709857693,0.008471124214235872,0.010738073391179088,0.028839562209023284,0.00968121845198341,0.26082529784667785,-0.25054923605787266,10.86308902884607,39.59252662362846,665.2131551825928
50,0.0004612250782543404,470147.99999999994,1826.5377879760517,1.081032713688793,0.03491942550847855,0.9015412621100701,1121736.8000358157,0.0,1.6987498700646386e-05,5.0102800343441974e-05,0.025867719229404493,0.01477159244451252,465.3620131943099,11059084549197.697,32617580428636.77,1.023011090151096e+16,3.017261181424959e+16,2.2124038896946807,3.0161331154363262,2.57423400630316,2.6929725109901987,2.949392445960012,325.58694084844603,1.9553896344834895e-07,1429.3018386475344,0.031989176115493484,0.009715734268512464,0.010738519531900711,0.028839562209023305,0.009681218451983407,0.2758134169708975,-0.2726348122182298,12.649297528793896,44.75412497221474,761.6536628932523
51,0.00048306000936002296,470148.0,1825.1923560938578,1.0815063187511555,0.03490899086144634,0.9014997613869491,1121630.0439136738,0.0,1.69855246956407e-05,5.628768133392571e-05,0.029541936540173362,0.016675526759189915,528.5565831232792,11062643915340.115,36660073007763.43,1.0228922127902544e+16,3.389723422984325e+16,2.2245145936987054,3.1046728031910447,2.6855619912019453,2.7421861599516926,3.3138617936466708,371.6371307572857,2.2329328066475217e-07,1422.2383593540249,0.031990648743660095,0.011095744570913625,0.010739013881810611,0.02883956220902328,0.0096812184519834,0.2903297319177998,-0.29363333538414527,14.65993017196689,50.40003138770653,868.409785034938
52,0.0005055970529483615,470148.0,1823.9142539455338,1.0819410868564356,0.03489856929644544,0.9014535296429962,1121511.2153328566,0.0,1.684390041153631e-05,6.299400066667096e-05,0.03363815934439329,0.018763923357995226,598.3845124854249,10974814383754.934,41044380916272.08,1.0143633989944962e+16,3.793587415699864e+16,2.237349250561882,3.1913608630594177,2.7990635868176916,2.7882450043401956,3.7398701682851705,422.9419666303667,2.5422127280736514e-07,1414.814702009431,0.03199228940891122,0.012634257182616258,0.010739564640472892,0.02883956220902326,0.009681218451983404,0.30437285114481294,-0.31358431176226714,16.931809679222976,56.614700099700066,987.2383658528719
53,0.0005290674450167042,470148.0,1822.694013671365,1.0823387025506244,0.03488803807631378,0.9014016597941286,1121377.994357704,0.0,1.6564513449630712e-05,7.030289078899014e-05,0.038237607476542375,0.02106939276972032,676.0499478411215,10796743340132.46,45823396517270.55,9975383227716984.0,4.233739069783217e+16,2.251098922444899,3.275916093434314,2.914815267148666,2.830809657928152,4.244186887998057,480.5098513126284,2.889302272402798e-07,1406.9429502731905,0.03199413035872372,0.014361777704911465,0.010740182633116609,0.02883956220902328,0.009681218451983385,0.3179341026684858,-0.33247163134441265,19.510168547434958,63.51006106172755,1120.4593410049913
54,0.000553746483052854,470148.0,1821.524431523953,1.0826992092254064,0.034877264292393975,0.9013429608927384,1121227.334297028,0.0,1.6147056160249817e-05,7.831768380333011e-05,0.04344698454241586,0.023634164452852942,763.1200371419897,10528150404733.168,51064438387327.52,9723984570253176.0,4.716401189935334e+16,2.265995417653555,3.358235874078826,3.033231473899221,2.8696002822314726,4.8502762996594715,545.6649691074327,3.282172391970129e-07,1398.513887358863,0.03199621393887517,0.016318383265210616,0.010740882074892525,0.02883956220902325,0.009681218451983368,0.33098786309230394,-0.350210189241716,22.449464259740154,71.23344014535668,1271.1194016814932
55,0.0005799631904907487,470147.99999999994,1820.400966511351,1.083020597085894,0.0348660995404808,0.9012758680199802,1121055.230519791,0.0,1.5590311581034704e-05,8.716812382468739e-05,0.04940662449538717,0.026512626680792514,861.6285196335261,10168161052744.43,56851944049226.32,9388705145686160.0,5.24938714944102e+16,2.2823221913045177,3.4384599764325117,3.1551888217015738,2.9044121156083125,5.591172656916369,620.1476945083344,3.7312929243769827e-07,1389.3924419353723,0.03199859580439128,0.018556782314063002,0.010741681648763221,0.028839562209023246,0.009681218451983364,0.343481231969727,-0.36664396665345184,25.81388182119597,79.97904927535772,1443.223178918012
56,0.0006081372569966627,470147.9999999999,1819.3215589607235,1.0832983781541798,0.03485436308190166,0.9011982474172511,1120856.219971405,0.0,1.4893067397232792e-05,9.702406735824231e-05,0.05630802998333629,0.029777580606280416,974.3159271087258,9715902614555.125,63296322011936.45,8968814881002540.0,5.842925946200193e+16,2.300444348941635,3.5171969093288213,3.28239188942308,2.935204859363025,6.514713508667118,706.3315493809827,4.250932343797486e-07,1379.4030975433566,0.03200135185756819,0.021148901905493657,0.010742606834543691,0.028839562209023242,0.009681218451983357,0.3553313489200024,-0.3815597951738091,29.680722443051835,90.01340878024946,1642.2337273043595
57,0.0006387724493610458,470148.0,1818.2890502254438,1.083524170105372,0.034841842966950594,0.9011072628431847,1120623.0362878167,0.0,1.4056419275676709e-05,0.00010809432856668929,0.06440611238344668,0.03352261961138326,1104.7519872558653,9172003497283.21,70533009880101.52,8464973602195916.0,6.509592663100651e+16,2.320814400878702,3.5957495986050074,3.4177272424761798,2.962198093843132,7.690033033785226,807.3726164058526,4.860043023094189e-07,1368.3297709226804,0.032004583026029904,0.024190484968392923,0.01074369151285837,0.028839562209023253,0.009681218451983359,0.3663959013092063,-0.39467052645375494,34.13731844601609,101.69364361054079,1875.4174108904595
58,0.0006725349112535725,470147.99999999994,1817.3115353767723,1.0836843639183709,0.03482826037012803,0.9009989227297371,1120345.4431373032,0.0,1.3084679829951306e-05,0.00012065468916406516,0.07406005606586458,0.03787580148034037,1257.8731557173226,8539192671276.878,78740454551023.52,7879778425888682.0,7.265995263262347e+16,2.344037982634894,3.6767912314128406,3.5663110171487955,2.9861607487809314,9.221065454569413,927.7141412992825,5.585273939511059e-07,1355.8844257301562,0.03200843139928364,0.027816438637896863,0.010744983382058185,0.02883956220902325,0.009681218451983352,0.37647025787218413,-0.405638382223556,39.28883515827005,115.52919016991743,2153.0105614051427
59,0.0007103279794467356,470148.0,1816.4057580856002,1.0837569635668298,0.034813233504113805,0.9008674415416494,1120008.5839561354,0.0,1.1986972953398416e-05,0.0001350753742861891,0.08579122001041674,0.04301660370333969,1440.6877685824732,7823342282895.379,88157443179302.97,7218723889115709.0,8.134429225641302e+16,2.370952111465469,3.7653570163666434,3.7370353973387163,3.0088357429105135,11.268514145424348,1073.7990800780817,6.465206836145984e-07,1341.6734986192323,0.032013103015100956,0.03222258169731521,0.010746551607432885,0.028839562209023263,0.009681218451983364,0.38525766059023886,-0.4140711793361896,45.266502152790714,132.27219134843145,2489.8697425726405
60,0.0007533560464710769,470147.9999999999,1815.6044596703869,1.0837059694627766,0.03479623847109425,0.9007043478132357,1119590.6635304189,0.0,1.0780505558808777e-05,0.0001518407967319771,0.10036447362414201,0.049195801635985324,1663.1703335632662,7035605808053.077,99094795282026.53,6492172237032914.0,9.14406657104146e+16,2.402717399011007,3.8704583504867824,3.944995872284027,3.033676381986138,14.084756591763696,1255.0670607486427,7.55624258783003e-07,1325.164515568747,0.03201889974112044,0.03769619374184541,0.01074849752361892,0.028839562209023267,0.009681218451983359,0.39231438029276783,-0.41950517771863904,52.233356595598195,153.05351983725566,2907.7901682886572
61,0.0008030987464414091,470147.99999999994,1814.9697401252167,1.0834727625768659,0.03477658868879222,0.9004975232543789,1119060.4080251805,0.0,9.496740949755317e-06,0.00017152326108128631,0.11887707472134287,0.056746900991589785,1938.9831934015401,6196457779318.969,111915935275530.38,5719071114055224.0,1.0329372287066664e+17,2.4408765108169397,4.0074654978854625,4.2148581888992664,3.0670367859130017,18.06127617766657,1485.0334206775726,8.938851460113903e-07,1305.6832030870019,0.03202625378112948,0.04464939712573405,0.010750966218092019,0.028839562209023284,0.00968121845198336,0.3969769079268882,-0.4213938887288676,60.372427510853285,179.56057115699338,3438.045673527671
62,0.0008610096431541224,470147.9999999999,1814.6117596153845,1.0829668263377137,0.03475349343122534,0.9002310340066001,1118376.4621641329,0.0,8.189170405659566e-06,0.00019462544132115475,0.14277848709909477,0.06605534738967538,2284.800894399914,5340795720365.918,126930405961998.36,4931633721807502.0,1.172061810898132e+17,2.48723755913696,4.200390462737589,4.583692033220128,3.1195011240822414,23.76619751210066,1781.4961987160214,1.071834046920106e-06,1282.5179734015933,0.032035734294416515,0.05362660030491508,0.01075414875323258,0.02883956220902328,0.009681218451983355,0.3983301317231035,-0.4191576170134611,69.82483991154683,214.1864303673552,4121.991534576319
63,0.0009271518740586714,470147.99999999994,1814.697153339625,1.0820753976989634,0.03472652070736276,0.8998907587036705,1117501.5417586924,0.0,6.943286185427612e-06,0.00022097783273911355,0.17337020073835932,0.07733127086004106,2712.1858227709176,4524530231694.517,143998224768676.75,4181344702333999.0,1.3307596224337915e+17,2.542864814056414,4.477911689528592,5.093512406883668,3.204763132571996,31.826116170019905,2160.2994020953547,1.2986704637062023e-06,1255.4675616445886,0.03204784795275358,0.06511663380580691,0.010758215214844024,0.028839562209023294,0.00968121845198336,0.3954158216476272,-0.41244400826235733,80.45640985133463,259.53354300131326,4996.911940016129
64,0.0009973423458825644,470147.9999999999,1815.37247263168,1.0807472534864913,0.03469680444482583,0.8994840120591631,1116452.7741351705,0.0,5.870974949991838e-06,0.0002486051418522173,0.21003508755326294,0.09002462718040226,3204.3354458425824,3821072457774.422,161802472073898.3,3535583778212380.5,1.4971351678380256e+17,2.6053627774371746,4.850025884402414,5.753821649998291,3.3299936499267195,42.344779865320824,2613.476260800087,1.5691707171732438e-06,1226.081711131216,0.03206233998868052,0.07888770863925255,0.01076308007945624,0.028839562209023298,0.009681218451983354,0.3881218983699587,-0.40186896397128963,91.43401380379088,315.93981591084713,6045.679563537698
65,0.001073782215318151,470147.9999999999,1816.8293401373114,1.0788163745202168,0.03466260965480951,0.8989807844227825,1115150.0130437035,0.0,4.931048334021694e-06,0.0002779905349313184,0.2555300695985141,0.10470565306327542,3788.1514177487074,3203595643601.052,180604448860058.53,2969546735908407.5,1.674098142423718e+17,2.6781563815514033,5.357647904622571,6.63332530147997,3.510853914907377,56.375544529411094,3174.714964235536,1.9027413821398117e-06,1193.225678658961,0.03208028770886426,0.09597530543054428,0.010769104990602754,0.02883956220902334,0.009681218451983366,0.37625733317056903,-0.38732292314468636,102.93273828001601,389.8608120398087,7348.44065500378
66,0.0011512337500501411,470148.0,1819.1497109277452,1.076280090174177,0.0346252836878358,0.8983959551697802,1113627.7524993336,0.0,4.1572746169405244e-06,0.00030674596695402426,0.30857030736226454,0.12054973796066792,4435.870781428605,2694541801376.8037,198817712689291.66,2503569308748190.0,1.8472674028292813e+17,2.7579985930835713,5.998722757761154,7.728498327854728,3.746729262124786,73.78535103359825,3827.752097592512,2.288740762645146e-06,1158.8709687386947,0.03210117102939671,0.11589684745290914,0.010776115360129606,0.028839562209023336,0.009681218451983378,0.3608400748683801,-0.36993806976657007,114.01851660676388,482.6879866028368,8870.701199369523
67,0.0012261385119637317,470147.9999999999,1822.3245876039766,1.0731770036687778,0.0345857091483161,0.897743279759761,1111917.3405550485,0.0,3.533026288106827e-06,0.0003333593727111556,0.36795753562838757,0.13691949866024242,5124.381708461567,2283332362297.689,215444262769556.62,2127638175708067.8,2.0075370794662566e+17,2.8424778511133773,6.769765858053458,9.035868958006448,4.03528134175892,94.35519170444279,4557.552815082088,2.7172560411955544e-06,1124.3713274158226,0.032124509154489014,0.13820227467902751,0.010783949788601168,0.028839562209023433,0.009681218451983394,0.34308018196164664,-0.35079669025991533,124.13487620659882,596.6362315907661,10581.113143649152
68,0.0012538715547773522,470148.00000000006,1823.7670073987777,1.0718398851930606,0.03456995871778875,0.8974757650022076,1111212.545358731,0.0,3.3258413805056107e-06,0.00034287486324127,0.39235375576648585,0.14327874654915776,5397.126104441486,2146754350800.2356,221317862228093.22,2002868507187116.2,2.0648407032196723e+17,2.875944813113115,7.102081486874693,9.597590998338324,4.160530384774177,103.09417197435448,4856.985937032811,2.89217291618531e-06,1111.2089214198245,0.032134084655703776,0.14736532418933992,0.010787164210455943,0.028839562209023447,0.009681218451983381,0.33580753981730604,-0.34311429835943685,127.7155581632443,646.8880155923918,11285.908339964983
69,0.0013268492434363593,470147.9999999999,1828.377997441798,1.0677429523909097,0.03452488908519757,0.8966903329822229,1109130.0390025629,0.0,2.828507541505546e-06,0.00036694075953966354,0.46415366404785374,0.16092658484319958,6169.290283831516,1818758180996.7751,235946518989553.5,1703367066880824.0,2.209768919206797e+17,2.9709655703240134,8.134517536872442,11.338749797417922,4.551691544024545,129.7294612636422,5737.163656400718,3.403231144908405e-06,1075.3206032302553,0.03216223165148737,0.1743328671404159,0.010796612939704076,0.0288395622090236,0.009681218451983423,0.3147060556579613,-0.32115244484394007,136.65576635117037,807.794338325303,13368.414696118945
70,0.0013958164288323362,470147.99999999994,1834.0570710768707,1.0629307602803966,0.03447604295043494,0.8958122982423501,1106777.7560855197,0.0,2.4069275343097874e-06,0.0003882391265671797,0.5447015395253216,0.17909880105211068,6987.141857634831,1540702884715.1787,248516473277573.88,1449485650701037.0,2.3380306842565766e+17,3.0723765691229814,9.40016710839976,13.467484809340057,5.034073659363947,161.30071264422654,6722.941782699166,3.97001201133626e-06,1039.2982839172514,0.032193755617788616,0.20458608533457073,0.010807195291891784,0.02883956220902379,0.009681218451983484,0.2915971988975168,-0.2974910838441499,144.32023590057662,1014.1124587844545,15720.697613138209
71,0.0014646892587567776,470147.99999999994,1841.4319284081587,1.05691188622136,0.03441866673958656,0.8947549018858276,1103909.7298124894,0.0,2.015560248581035e-06,0.0004078789450911551,0.6420665195908474,0.1992042412815056,7916.979276752988,1282878337753.1545,259609735532057.88,1213798760783799.2,2.4563044366944048e+17,3.189003956465147,11.117293468519525,16.348121320111055,5.692060784506399,202.36504732533004,7912.658842017428,4.646101767634868e-06,1000.5460155456998,0.03223180129914975,0.24115569029225684,0.010819966933490997,0.028839562209024228,0.009681218451983636,0.26417850419590516,-0.26976755969173966,150.8540400201219,1305.0859220239395,18588.723886103922
72,0.001525240421285328,470147.9999999999,1849.8555027176192,1.0502419596662311,0.0343579120223051,0.8936138089793965,1100770.5364737555,0.0,1.6819403563989637e-06,0.00042354419749009636,0.7475476924351115,0.21915615479411707,8862.324337540018,1063777650643.032,267879208460248.72,1012888164343674.1,2.550642792308367e+17,3.3092402573049027,13.284543731967343,19.974333850967334,6.526819907528806,251.8187971878533,9199.704737870596,5.367731073473291e-06,963.3270403840517,0.032272959436429,0.28077368044428214,0.010833783402520178,0.028839562209024876,0.009681218451983822,0.2346582683293145,-0.24020401547841333,155.0230882893605,1678.331719780568,21727.91722475495
73,0.001546285090988861,470147.99999999994,1853.3441506291056,1.0475266138293944,0.034333709592933664,0.8931548014910381,1099494.7442366707,0.0,1.5656980557543808e-06,0.000428577747172731,0.7900903445253273,0.2267604697150963,9227.58450577057,987697565170.151,270361961434932.72,942885414203913.1,2.580955537220988e+17,3.3561541058936917,14.274897754854493,21.62905586289428,6.909486405071876,273.7295007792768,9718.349681566528,5.655683296634088e-06,949.5011815918883,0.03228954506081162,0.2967524027707743,0.010839351068618806,0.028839562209025133,0.009681218451983902,0.22273546172887987,-0.22832108487927558,155.91225932944317,1847.439969591901,23003.709461802504
74,0.001548532838288975,470147.99999999994,1853.7370479465544,1.047222273229333,0.034331010948124935,0.893103493594949,1099351.6700750613,0.0,1.553225903241613e-06,0.0004291015380228631,0.7948496416770989,0.22759716021904655,9267.917545646756,979545018958.0068,270613742225319.75,935374508352817.0,2.5841098794702352e+17,3.361349644903222,14.390547636290322,21.822144556535203,6.954213825773595,276.2647320826415,9776.356983684433,5.68778821353082e-06,947.9929549538545,0.03229140006265066,0.2985399614658963,0.010839973778419425,0.02883956220902546,0.009681218451984028,0.22140056650878012,-0.22699218188247675,155.98422280782748,1867.0507274794904,23146.783623361673
75,0.0015844283147380966,470147.99999999994,1860.6193038094243,1.0419340881612364,0.034284463772985274,0.8922151298343515,1096859.5766751035,0.0,1.3516750544280556e-06,0.0004370751355429376,0.8773741980961716,0.24169941362254593,9951.408845780916,848132002746.108,274250389429147.4,813997749361341.5,2.6321280064186544e+17,3.4498290327406043,16.57391247877641,25.46435031266743,7.799951783767295,323.358143002706,10781.77450226464,6.241054658209542e-06,922.9843235629431,0.03232355207244763,0.3295356071849499,0.010850766959961452,0.02883956220902628,0.009681218451984297,0.1982375753395993,-0.20397009659498083,156.36746847882762,2229.863231905987,25638.877023202018
76,0.0016317007199220259,470148.0,1871.8545336574612,1.0334489122850499,0.03421060071975251,0.8907954532026437,1092818.8440357363,0.0,1.0761605563533178e-06,0.00044631054254459595,1.0097089329234088,0.26295782242243704,10991.115045621815,669756578318.4889,277764707206010.66,648079039376601.5,2.687744927727947e+17,3.5857687988424796,20.957669576837958,32.76464027692736,9.503264871176956,414.7248660153143,12392.675478344876,7.11510944077618e-06,886.9041285578594,0.032375066694987714,0.3792396072428281,0.010868060021162152,0.0288395622090274,0.009681218451984674,0.16137159750858998,-0.16738804893450812,153.6476027830197,2904.077101819672,29679.609662398383
77,0.0016500985096931944,470147.9999999999,1877.1023068616191,1.0295384080670509,0.034176697039276505,0.890140897590532,1090931.8322858552,0.0,9.651902722506863e-07,0.00044945765700603557,1.0709029695218468,0.27233339692879666,11451.386559905257,598420406131.3153,278664882331640.12,581251171828396.6,2.7066972941284528e+17,3.646317721418713,23.46271524849426,36.93190358054241,10.478459218989647,465.6674128697591,13137.127631031131,7.513987482125255e-06,871.6811529527964,0.032398873354872,0.4022236590309047,0.010876051733147278,0.028839562209027735,0.00968121845198478,0.14472879495033253,-0.15085382031218394,151.04578361694436,3254.599977368697,31566.621412227523
78,0.0016587297492711276,470147.9999999999,1879.7731579052618,1.027559718321272,0.034159547330241166,0.8898092509386886,1089969.9738317884,0.0,9.124925637514891e-07,0.00045083911476308475,1.1019503957767767,0.27699843490871934,11680.465861542683,564660372370.8275,278984172073525.28,549515869786444.4,2.715016627250655e+17,3.6765026157633502,24.874102166456606,39.27890665583997,11.028265932987484,494.0742891203085,13514.740626062854,7.715112817167886e-06,864.2759920243815,0.03241094895181692,0.4138848550002517,0.010880105417843131,0.028839562209028287,0.009681218451984963,0.13645856618413144,-0.1426238516128807,149.4129057622382,3441.5947671748445,32528.479866210208
79,0.0016824082235388693,470147.9999999998,1887.9042456732473,1.0215808391264267,0.03410768896432315,0.8888044250745956,1087032.139459377,0.0,7.667902716216907e-07,0.0004543002974752592,1.1961866190576107,0.2908319198193989,12359.018477541364,471737323020.96606,279490251911204.53,461771897977606.56,2.7358603568778954e+17,3.7659762301409363,29.82821470698646,47.514027473916244,12.959453186614624,592.4700850917891,14660.556056678919,8.320523976912259e-06,843.0115767615075,0.0324475907133437,0.4492793208109072,0.010892405774389286,0.028839562209029234,0.009681218451985274,0.11237054495065715,-0.11856704522998474,143.2309797048275,4045.010586824578,35466.314238460276
80,0.0017023096098488849,470147.99999999994,1895.8222473714472,1.0158204994779483,0.034057610958892884,0.8878314598501471,1084153.6826424494,0.0,6.453058046519697e-07,0.00045682365215728133,1.287670760351072,0.30386752035411996,12996.003313510435,394760281230.40094,279457943967460.62,388612241467145.7,2.7510563540613718e+17,3.8498358504829358,35.74645500787921,57.348491601780445,15.26791618887286,707.9180891665127,15772.511963093677,8.901133877984296e-06,823.9653483173744,0.032483149689128556,0.483640123891681,0.010904342648118733,0.02883956220902986,0.009681218451985473,0.09094780682836485,-0.09700248904254785,135.61479246315105,4677.268874130406,38344.77105528223
81,0.0017334081150510233,470147.99999999994,1910.753273078838,1.005117952258637,0.03396418784935813,0.886008909367679,1078671.9362403562,0.0,4.6842041703990715e-07,0.00046007192500378493,1.459643598557708,0.3275906055568813,14144.417596155086,283533090431.79663,278479780069269.62,282089370500904.0,2.7706179104998333e+17,3.9997942725745084,50.17521588886426,81.32267239112842,20.897578874265516,982.177352368885,17861.99059267797,9.974115226541954e-06,791.8724132546124,0.03254996863362415,0.5482319181121115,0.010926773252082292,0.028839562209029494,0.009681218451985357,0.05776585721535716,-0.06301136788648527,117.94530898068055,5953.220914574671,43826.51745735949
82,0.0017617394089902091,470147.99999999994,1927.8784757831882,0.9931025232555227,0.033858937989551655,0.8839405171341048,1072306.1335751617,0.0,3.4131367862413695e-07,0.00046241418093022314,1.6557422738134302,0.35380386287904086,15390.707796345054,204126168673.3867,276551574123913.7,205543902964050.3,2.7847233054784787e+17,4.159204457465091,70.60657066494691,115.28219124328619,28.86659440703796,1354.8070584051952,20243.754744555183,1.1168957731657619e-05,760.269425832902,0.03262613450793012,0.6218852078473031,0.010952341548244275,0.028839562209026615,0.009681218451984388,0.03284374551929657,-0.03651197302441132,95.22850949757527,7424.116791471095,50192.32012291823
83,0.0017831952991710354,470148.0,1943.5499029844818,0.9823642552529732,0.033765084420158055,0.8820770323839584,1066433.811880639,0.0,2.7883606145981446e-07,0.0004639535968051641,1.83323996613915,0.377070098432567,16472.916893581114,164957625561.4681,274471972165309.06,167919002222845.62,2.7939938846271286e+17,4.293690682882027,88.58762858655517,145.19374892917943,35.87299746711679,1663.8938104927602,22399.131892517373,1.222450362216997e-05,735.4265769149757,0.0326950608056092,0.6885520986008791,0.010975479574407126,0.028839562209024838,0.009681218451983789,0.020570204492136528,-0.022807291150889124,75.89635140340738,8560.561313930964,56064.641817720294
84,0.001802734497276588,470147.9999999999,1959.7548306026506,0.9715385420367232,0.03367141519190773,0.8801926471546003,1060354.7137479645,0.0,2.4575387192054185e-07,0.0004652804674489246,2.0135134005361137,0.40045082115454816,17535.897134255636,143784247375.64056,272223592279189.97,147996441885066.94,2.801984486467241e+17,4.421743985014764,103.08920190520557,169.3480037978759,41.514750898395015,1893.2782780299838,24587.963881563053,1.3271196989525209e-05,713.1902917510257,0.03276505694776421,0.7562615386462175,0.010998976739103578,0.028839562209023808,0.009681218451983453,0.014125800237281843,-0.015422037726383325,60.48394728706571,9215.701327811948,62143.73995060791
85,0.0018174336182417959,470147.99999999994,1972.651192476129,0.963142877447631,0.03360010300533964,0.8787360198477994,1055549.6442019374,0.0,2.3010018407774855e-07,0.00046623527007187227,2.153401869441188,0.4185032142496831,18339.362520959337,133462295014.28569,270424942986452.53,138569570662212.0,2.807734442298841e+17,4.515850904876301,112.20082442141926,184.54583538185688,45.05312900144675,2026.2272798284073,26286.3610938218,1.406528970085055e-05,697.675971790166,0.03281936959181359,0.8088026683475878,0.011017209074530025,0.028839562209024172,0.00968121845198357,0.01098196288902751,-0.011907652120839062,52.11702019120493,9116.594001948846,66948.80949658924
86,0.0018330757033159122,470147.99999999994,1986.1534813959606,0.9545900977439195,0.03352967338410914,0.8772705281652063,1050608.28487509,0.0,2.1795138061323845e-07,0.00046716531902765804,2.294612924277899,0.43669623553317594,19133.844642165906,125293186542.75322,268558204580062.6,131253390160731.23,2.813335328061476e+17,4.606717768463866,120.59242833443626,198.56121628756176,48.305549437641375,2143.4382187129045,28000.785638919286,1.4849595944423609e-05,683.3324210578969,0.03287419477016134,0.861840552066778,0.011035613463764743,0.028839562209025303,0.009681218451983959,0.008451371344835814,-0.009138859329715726,45.9935055794156,8220.145784138413,71890.16882325671
87,0.001846400331542936,470147.99999999994,1996.7169759015549,0.9481020176273951,0.033478899461155114,0.8761876033429322,1046871.6894265692,0.0,2.1021718478744753e-07,0.00046784413171215765,2.399263795090269,0.4501851702934789,19713.0980941493,120025684610.94469,267120465230955.4,126595748536962.7,2.8174232336243587e+17,4.671658856024788,126.56921229426725,208.56063659007015,50.61559199473628,2225.527528518656,29271.34409448504,1.5417900219248336e-05,673.4606388595392,0.03291482565947451,0.9011466865877386,0.011049252939721001,0.02883956220902542,0.009681218451983992,0.006845298531009931,-0.007361663410345637,41.83775665192491,6894.287729829219,75626.76427174946
88,0.001862252463482133,470147.9999999999,2007.4656288623614,0.9417327738096715,0.03343300360049813,0.8751731730646197,1043279.8280341063,0.0,2.0362950775789892e-07,0.0004684837912843681,2.497527947511058,0.4628813372775099,20250.686680618855,115483330826.08414,265688746445698.66,122628556675275.97,2.8212753536322778e+17,4.730988895457997,132.02182869480683,217.7086655689174,52.713122072899914,2300.6675036574866,30464.392565531038,1.5938509396202376e-05,664.732987439622,0.032952977875265896,0.9380540143878543,0.01106206034410622,0.028839562209024665,0.009681218451983739,0.005525139502926782,-0.005881047844929752,37.12327690136816,5057.5482827321875,79218.62566429906
89,0.0018781955287732468,470147.9999999999,2016.0263206382112,0.9368725546979383,0.03340229494625545,0.8744555939792835,1040656.1412865033,0.0,1.989313137832053e-07,0.00046894872638248385,2.5671711684855802,0.47192431890641984,20628.95507484545,112236618261.92813,264579860186153.16,119799238113144.3,2.8240752582559923e+17,4.77222977197811,135.96610379217333,224.35573899055356,54.218611640547635,2357.339915291278,31309.992618137992,1.6296373762071407e-05,658.8617035602564,0.03298001911999586,0.9642115206832923,0.011071137881259767,0.028839562209024106,0.009681218451983555,0.004615844420953942,-0.00488129715001705,32.526199089663635,3408.0282752461817,81842.31241199866
90,0.0018973288654360204,470147.9999999999,2023.5814361623045,0.9327745567823673,0.03338081763103295,0.8739104244420408,1038583.7653847906,0.0,1.944772204154758e-07,0.00046932118076265894,2.6201529079839103,0.47886487050402204,20916.435954071803,109243683493.07274,263631773522361.44,117116920373462.97,2.8263182309749834e+17,4.8033456178103915,139.50336505538198,230.34923875941965,55.555474839847506,2413.245005044879,31953.3523672628,1.655848560671354e-05,654.5928487773114,0.03300059296973945,0.9841110911666529,0.011078044363831255,0.02883956220902403,0.00968121845198353,0.0037603877868022956,-0.003980099294370054,27.578390127287864,2006.659594495282,83914.68831378229
91,0.0019171146269911928,470147.99999999994,2028.959629003967,0.9299807321509672,0.03336928864283765,0.8735818924827083,1037277.461458869,0.0,1.904749802268192e-07,0.0004695644218264674,2.6521076884466206,0.48311345618958934,21091.032933342518,106675034780.02298,262978376320875.6,114706714980312.11,2.82778306290958e+17,4.822221916879176,142.44401654547272,235.35846832165288,56.65573557493426,2465.2288781828784,32341.443809771477,1.6709399773905913e-05,652.1364060738124,0.033013003654485895,0.9961130830249626,0.0110822105349159,0.028839562209024356,0.00968121845198364,0.0030043829231377454,-0.003197457671683454,23.346173471815764,1152.6713478398988,85220.99223966991
92,0.0019388173213687229,470147.9999999999,2032.8894998709843,0.9280067015398026,0.03336295250699364,0.8733753625681345,1036419.5781961179,0.0,1.8662287234613372e-07,0.000469732937945377,2.6722032846921344,0.4858445422003141,21202.708778295397,104295816203.17557,262514339987564.1,112386921376884.36,2.8287978907047232e+17,4.834384760823871,145.11341944814484,239.93095884973226,57.644029598094825,2517.016976751663,32585.56495097515,1.6799790359980804e-05,650.6779554135331,0.03302081034690826,1.0036608483055902,0.011084831181310635,0.028839562209024606,0.009681218451983739,0.00231759479840014,-0.0024838518881839956,19.66566789656831,651.5178107327195,86078.87550237116
93,0.0019660151200766246,470147.99999999994,2035.9884092207908,0.926487576237151,0.03335911291436775,0.8732316232493843,1035798.593854071,0.0,1.8254525768044275e-07,0.0004698639590896535,2.6861896405455705,0.4878086708375054,21282.99677597971,101850006307.37587,262157712585797.25,109931324412390.77,2.8295869184833334e+17,4.843309080088313,147.80568695193003,244.5771382049712,58.626741566178985,2573.958727058145,32755.534912797048,1.6859775638727063e-05,649.7526855427659,0.03302624577624649,1.00891402565964,0.011086655812989232,0.02883956220902485,0.00968121845198381,0.0016674321280754358,-0.0018044113590577394,16.14097234757385,347.1732617376284,86699.85984434819
94,0.00199739033897243,470147.99999999994,2038.1086618388083,0.9254619979114487,0.03335688724342573,0.873140698780144,1035395.1437188713,0.0,1.7867780666249014e-07,0.000469956548718644,2.6950344477746073,0.4891092400194019,21336.696327462392,99581831167.68277,261919118914679.62,107602290955669.36,2.8301445062657338e+17,4.849520665862472,150.2379738931167,248.81743396423295,59.4973225023513,2630.189823218275,32863.08086616035,1.6896406931067926e-05,649.2603786711041,0.03302968496293487,1.0122360733412097,0.011087810321417143,0.028839562209024963,0.009681218451983857,0.0011504288951244054,-0.00126275959852902,13.108994400117291,189.72636203587086,87103.30997950962
95,0.0020335817585053744,470147.99999999994,2039.5140440253147,0.9247816340741153,0.03335534895439114,0.8730807493209297,1035128.2322911944,0.0,1.7498703544477928e-07,0.00047002290166494405,2.700863154249767,0.4900142044655506,21375.131347847917,97453170993.85762,261763519169039.72,105379656562305.14,2.8305440930508477e+17,4.854239247834239,152.44697630732648,252.71551767691506,60.26912479554237,2686.0441430432106,32934.00166379522,1.6920422152913433e-05,649.0292787999059,0.03303195292240268,1.0144252946923307,0.011088571657906532,0.028839562209025005,0.009681218451983858,0.0007622928390012867,-0.0008559963091480634,10.50596219641453,108.64890578339539,87370.22140716895
96,0.002075660700412141,470148.0,2040.4214242435353,0.9243341405563447,0.03335404122171162,0.873038696926668,1034945.5348326544,0.0,1.713613384192171e-07,0.0004700712225766202,2.7049492772885446,0.4906846241055603,21405.16915140514,95387780784.93372,261663751847867.28,103196210763697.47,2.8308350883845456e+17,4.858206826827697,154.51720701574408,256.4172415744359,60.97305195866448,2743.157977831858,32983.75587061114,1.6937784241656462e-05,648.9609380864163,0.03303354400045277,1.0159600139028322,0.011089105770528136,0.028839562209025036,0.00968121845198388,0.00048150480781342716,-0.0005615904561420863,8.255308674891257,65.75347187755771,87552.91886570027
97,0.0021240181130869748,470147.9999999999,2040.9765370797027,0.9240479557392786,0.033352785836845596,0.8730077625892289,1034817.8442205625,0.0,1.6775089658866074e-07,0.0004701060948486816,2.707953406142482,0.4912008623743674,21430.275787611623,93349128099.46823,261602143182444.88,101021951858315.47,2.8310450941169152e+17,4.861785108178635,156.49960282182616,260.00834808979704,61.628603249039216,2802.4058554001126,33020.35883045071,1.6951330597253008e-05,649.001905086781,0.033034714517876235,1.0170883436714664,0.011089498704193223,0.028839562209025046,0.009681218451983878,0.0002891121196138926,-0.0003593369874235697,6.340880751074037,42.553376771965226,87680.60947778892
98,0.0021821882538204684,470147.9999999999,2041.3071987283329,0.9238613451668869,0.03335145271794457,0.8729826740615504,1034721.4804658283,0.0,1.6390824081207842e-07,0.0004701322515062139,2.7103889792019427,0.49163157708687716,21453.68874508407,91192367490.70895,261563865466304.2,98707850445064.25,2.8312026131914323e+17,4.865365365225456,158.55349763472012,263.77358955379304,62.29006425067942,2868.264885139136,33050.0466588981,1.696314475784332e-05,649.1273360822341,0.033035663897943164,1.0180031278635868,0.011089817403754438,0.028839562209025043,0.009681218451983869,0.00015905810666681452,-0.00022166165341334316,4.667331720525855,29.038194836037043,87776.97323252184
99,0.002223648962660833,470147.9999999999,2041.4277168410038,0.9237827576405233,0.033350584594713566,0.8729692621728814,1034673.3646005327,0.0,1.61398747255218e-07,0.00047014485978661124,2.7116909318086284,0.4918632652838274,21467.75748193976,89788541418.20065,261548629920605.03,97196598091453.62,2.8312785420312307e+17,4.867626393227547,159.88016351820974,266.2261619974586,62.70919581116079,2912.939956362713,33065.91795335954,1.6969847150483203e-05,649.2412372225889,0.033036171442327074,1.0184921321489893,0.01108998778248692,0.02883956220902508,0.009681218451983876,0.00010461244312750846,-0.0001633422392794756,3.7683520322962765,23.642931373789622,87825.08909781743
100,0.0022640515118576045,470148.0,2041.4942020593492,0.9237307239593097,0.033349792165311636,0.8729584246468546,1034636.3550521106,0.0,1.590909715725767e-07,0.00047015417181605555,2.71274312106524,0.4920491472546098,21480.08937936635,88499706045.67154,261539077865807.25,95806823081885.44,2.8313346203836784e+17,4.86966901278411,161.0992960455168,268.4914636112671,63.089804701696266,2955.2536336203907,33078.74316754725,1.697547298545694e-05,649.3623191959707,0.033036581576828,1.0188873270684469,0.011090125461473503,0.028839562209025067,0.009681218451983881,6.980714038474879e-05,-0.00012551516373484153,3.0664108394948646,20.116158323621438,87862.09864624008
101,0.0023792556472519736,470147.9999999999,2041.5475639167682,0.9236505011707953,0.033347767494394574,0.8729347839637266,1034561.1817709703,0.0,1.5306591982935428e-07,0.00047017169649633437,2.7150394779167577,0.4924421379405121,21510.41132356591,85140673469.5117,261526111956398.1,92178452089388.36,2.8314401564757923e+17,4.874888285209103,164.3212848008134,274.5172134293143,64.08043336510278,3071.694189147433,33106.720844302225,1.6988355166645203e-05,649.7294439013558,0.03303747626835713,1.0197498226273778,0.011090425802514672,0.028839562209025078,0.009681218451983884,2.232842633121037e-05,-7.171512496782458e-05,1.7175445902951663,14.549592197255421,87937.27192737849
102,0.0025209187459213256,470148.0,2041.5070914931343,0.9236098060192744,0.03334563715404216,0.8729137082080113,1034499.5127641382,0.0,1.464815118428939e-07,0.00047018475898586294,2.71708884018305,0.49276811905646095,21541.635253841654,81474603224.79135,261521854865916.53,88213228891477.45,2.831518820626932e+17,4.8804718272123555,167.9785754612567,281.4007704076018,65.18793535655097,3209.8573606350483,33131.664323447534,1.700040558826394e-05,650.1827087085534,0.03303827392999624,1.0205195487490597,0.011090693571370635,0.028839562209025085,0.009681218451983893,5.593987566024242e-06,-4.948691353829213e-05,0.8506234193845177,11.348097392385286,87998.94093421013
103,0.002707038663669477,470147.99999999994,2041.4086956220558,0.9235882400877128,0.033343251402058946,0.872892588719321,1034441.2383043994,0.0,1.3884905544516662e-07,0.00047019661721572117,2.7191448031810297,0.49306799453287947,21576.52538289217,77227545044.44476,261522343953667.1,83616856183780.02,2.831590232556777e+17,4.886861774803709,172.47883695686008,289.9091565625954,66.53615510121216,3386.386862396829,33156.660769496506,1.7012834426269213e-05,650.7448241815159,0.03303907328545146,1.021291754059359,0.011090961908827593,0.028839562209025088,0.009681218451983898,9.251333961896728e-07,-3.931984301562085e-05,0.3414911311716829,9.140536579736615,88057.21539394926
104,0.002952095490221883,470147.99999999994,2041.268526252977,0.9235780581206299,0.0333405943896766,0.8728706729181146,1034383.09327848,0.0,1.3015938306605918e-07,0.00047020851003521795,2.721280236204238,0.49335721325847876,21615.490526808502,72393569915.45805,261526075525432.6,78383813126494.42,2.8316618527902954e+17,4.894101319426955,178.02589743900558,300.43902974790296,68.18213361759165,3612.559455637364,33182.60098801365,1.702595676883408e-05,651.4103742083549,0.03303990282158395,1.022093807754843,0.011091240377704958,0.028839562209025095,0.00968121845198389,8.868641437759725e-08,-3.288795353273994e-05,0.10407029749000953,7.471824686228526,88115.36041986923
105,0.003262819548408888,470148.0,2041.1037740643671,0.9235744171203072,0.033337772020098896,0.8728482448198931,1034324.9005654209,0.0,1.2084720940015892e-07,0.00047022060103859724,2.723466739464115,0.49364079171161784,21656.978415076337,67213951137.96672,261531769406601.3,72775891029484.05,2.831734666515059e+17,4.901869496817361,184.5692523217404,312.91235929760313,70.10437305413176,3891.0340037854353,33209.1489257488,1.7039511312311068e-05,652.1389170044206,0.03304075179182604,1.0229150430737284,0.011091525370462933,0.0288395622090251,0.009681218451983884,4.685820260867028e-09,-2.7425724436879556e-05,0.023479046553571015,6.134791169372263,88173.55313292742
106,0.003658529292633768,470148.0,2040.92335323958,0.9235739270653438,0.03333480748159334,0.8728250623595059,1034265.3843031825,0.0,1.1104876066377698e-07,0.0004702330907071001,2.7257273153510413,0.49392901235762526,21700.59981120618,61764123886.4497,261538577255056.12,66875127238276.64,2.8318098810573286e+17,4.910070449422862,192.26066974036337,327.6412410389638,72.33909093975115,4234.474008501795,33236.59122913785,1.7053582824311335e-05,652.9129194266378,0.03304162936277653,1.0237640995528254,0.011091819964257992,0.028839562209025102,0.009681218451983895,1.1589284022878924e-10,-2.239201278184083e-05,0.0036123021894281255,4.973605950485359,88233.0693951667
107,0.004171358463969075,470147.99999999994,2040.7316009070225,0.9235750516802997,0.03333171613979019,0.8728010523429357,1034204.0603226462,0.0,1.0082092077156647e-07,0.00047024602643293804,2.7280688286611765,0.49422618079271335,21746.065070148274,56075577847.754,261546090444691.53,60715778047201.79,2.831887781819675e+17,4.918640575127606,201.37545072030983,345.1838741791557,74.9548807017269,4664.171114826368,33265.01469128845,1.706818759036259e-05,653.7217936609901,0.03304253830997174,1.0246435555615174,0.011092125090816241,0.028839562209025102,0.009681218451983897,1.0240333870758122e-12,-1.779068358837517e-05,0.00033085477927839295,3.9275141932799085,88294.39337570356
108,0.004431972108219075,470147.99999999994,2040.648614267809,0.9235758710788528,0.03333039027163446,0.8727907850927358,1034177.9029628028,0.0,9.64245898397697e-08,0.0004702515582668897,2.729070162207214,0.4943531687901954,21765.53602941003,53630430567.20987,261549399242069.03,58068245659734.26,2.8319210953026134e+17,4.922316715227939,205.7031087050008,353.5447949806176,76.18514666504599,4876.884195704792,33277.16971241136,1.7074439446766187e-05,654.0681259107246,0.033042927012526646,1.0250196494320734,0.011092255575263943,0.0288395622090251,0.009681218451983891,9.49933337988162e-14,-1.600689111943483e-05,9.953794179864751e-05,3.5215642493189563,88320.55073554788
109,0.0045397713094314585,470147.99999999994,2040.616669181671,0.9235762327365052,0.033329881556531465,0.8727868498481658,1034167.8866957022,0.0,9.473521182558008e-08,0.00047025367854963343,2.7294539611700728,0.49440183768991186,21772.999118142438,52690835377.594086,261550680942017.94,57050878433146.83,2.8319338639438323e+17,4.92372664572829,207.44067503665477,356.9072816983864,76.67705701065792,4963.874250003599,33281.82858000518,1.7076836588057412e-05,654.2008070801453,0.0330430759973551,1.0251638016359303,0.011092305588321008,0.028839562209025095,0.009681218451983898,3.569318302030328e-14,-1.5351474237973672e-05,6.0714871509270514e-05,3.372250850125707,88330.56700264703
110,0.005034189747043502,470147.99999999994,2040.4853333095239,0.9235779750617699,0.03332779928895501,0.8727707648661858,1034126.9981031321,0.0,8.779968545829729e-08,0.00047026234522621506,2.7310227439220345,0.4946007638359684,21803.485448823812,48833452851.70367,261555994690249.3,52874206802557.88,2.8319860558904752e+17,4.929491100872831,215.05936555421223,371.6872035200648,78.82051852951739,5356.082345529338,33300.87174719421,1.7086639831147403e-05,654.7421825574547,0.03304368497430914,1.0257530254560865,0.011092510017184436,0.028839562209025074,0.009681218451983888,4.140336237961428e-16,-1.2831071531858583e-05,6.399827933775528e-06,2.797485287858336,88371.4555952175
111,0.0057857509907895495,470147.9999999999,2040.3234891502952,0.9235806620011543,0.03332525279642974,0.8727511418344482,1034077.2265934902,0.0,7.92542526488053e-08,0.0004702729186561463,2.732936674563118,0.49484345076411634,21840.57135405008,44080682629.50275,261562636498396.56,47728026844987.85,2.83204973057426e+17,4.9365135306297105,225.70408952334006,392.4328438087447,81.78027922132824,5933.724726924611,33324.10459654785,1.7098610324375204e-05,655.3985956553689,0.03304442793212235,1.0264718844073621,0.011092759422387917,0.028839562209025917,0.00968121845198389,5.192831977584023e-19,-1.0089498434390246e-05,2.199804628566505e-07,2.1723857655602465,88421.22710486248
112,0.006453894433460511,470147.99999999994,2040.2076861232024,0.9235829347500243,0.033323443350923236,0.8727372296496763,1034042.0128196297,0.0,7.312132126533685e-08,0.00047028041521285314,2.734293650426859,0.49501551532532523,21866.72450951549,40669687495.24617,261567449696892.97,44034689214189.27,2.8320948758942637e+17,4.941471587024539,234.39929668225685,409.45716660158166,84.16928111080273,6431.508718316739,33340.576674724936,1.71071042508337e-05,655.8592169190755,0.033044954688830015,1.0269815550429513,0.011092936250548188,0.02883956220902859,0.009681218451983891,1.4863031365417953e-21,-8.358668077687586e-06,1.148796494973202e-08,1.7790214791883745,88456.44087872977
113,0.007498632578192192,470147.99999999994,2040.0637505456477,0.9235861513587608,0.03332120844859262,0.872720081340424,1033998.6903349388,0.0,6.545002853975131e-08,0.0004702896558779492,2.735966333067642,0.49522761149007033,21898.692913084244,36403082325.39246,261573500297369.4,39414928723040.08,2.8321505244805578e+17,4.947536817652074,246.85126312706927,433.9519956274348,87.54817748925312,7185.476712089087,33360.88105885743,1.7117582079493064e-05,656.418302455776,0.03304560399794337,1.0276098029340492,0.011093154218606212,0.028839562209028575,0.009681218451983881,1.7980313645251268e-25,-6.45908035680634e-06,1.2210763111616006e-10,1.350120363563161,88499.76336342069
114,0.008716496672092518,470147.99999999994,2039.9354980057342,0.9235893714472491,0.03331922981388018,0.8727049311232116,1033960.4908861886,0.0,5.8540950628706855e-08,0.00047029782013849705,2.737444172243736,0.49541500150195156,21926.565901474052,32560390311.2254,261578953224562.72,35254184725192.12,2.8321996908071046e+17,4.952826708634849,259.9817007475301,459.9196323323111,91.06048891562664,8033.655331655583,33378.820274333506,1.712684646490132e-05,656.9005651267546,0.03304617767188588,1.028164868983716,0.011093346796521134,0.028839562209028582,0.009681218451983876,5.8537092186104976e-30,-4.989127485331412e-06,6.724480691204751e-13,1.0218736669768327,88537.96281217033
115,0.010024101309218103,470147.99999999994,2039.829561168293,0.9235922755222682,0.033317604258889987,0.8726925063596516,1033929.2157069453,0.0,5.275710194854119e-08,0.0004703045158980868,2.7386561933174423,0.49556868577765834,21949.05332477035,29343514480.022907,261583499899908.22,31771069613406.945,2.832240013614117e+17,4.95709279227699,272.79319004385314,485.3845600774573,94.440508362918,8914.525220828422,33393.53277319967,1.7134449400959404e-05,657.2845548820096,0.03304664815941858,1.0286200956148508,0.011093504735554687,0.028839562209028568,0.009681218451983883,1.0729460710305896e-34,-3.9257589929917215e-06,2.7828105160573882e-15,0.7876746024783815,88569.23799141476
